method,metric,diff_mean,ci_lo,ci_hi,p,n_bootstrap
asl,macro_auc,-0.004407831023568766,-0.011317059035672811,0.004092637928204131,0.88,1000
asl,macro_brier,0.01519138611946255,0.014693837356753647,0.015727540268562733,1.0,1000
asl,macro_ece,0.11627147589878521,0.11311191590825996,0.11921935628534872,1.0,1000
focal,macro_auc,0.002480027905365597,-0.004894815846577499,0.011711372754062352,0.278,1000
focal,macro_brier,0.0042960470234975215,0.003974614967592061,0.004627507063560188,1.0,1000
focal,macro_ece,0.050539686692805556,0.048102493148400274,0.052856000623288324,1.0,1000
label_smooth,macro_auc,-0.019553969719740483,-0.03173941234850426,-0.006261275937935264,0.997,1000
label_smooth,macro_brier,0.009534394294954836,0.009228608221746981,0.009830704936757684,1.0,1000
label_smooth,macro_ece,0.08011921226321969,0.07774708190939687,0.08216657395328326,1.0,1000
scp_soft_full,macro_auc,-0.03363788145216505,-0.043949656368927434,-0.022485049849299204,1.0,1000
scp_soft_full,macro_brier,0.0005035665966570377,0.00016269613988697528,0.0008066645823419093,0.999,1000
scp_soft_full,macro_ece,-0.002037529695848189,-0.0033684127336540016,-0.0007439419019212815,0.001,1000
hard_bce+temp,macro_auc,0.0,0.0,0.0,1.0,1000
hard_bce+temp,macro_brier,-0.00014953751303255558,-0.00018353515770286322,-0.00011597967240959406,0.0,1000
hard_bce+temp,macro_ece,-0.00046260132522361647,-0.0010701699244636063,8.744545298509404e-05,0.051,1000
hard_bce+dir,macro_auc,-2.220446049250313e-19,0.0,0.0,1.0,1000
hard_bce+dir,macro_brier,-0.0007938444204628468,-0.0009240488521754742,-0.000667142472229898,0.0,1000
hard_bce+dir,macro_ece,-0.00804182841854868,-0.009254942450806682,-0.006838383546444255,0.0,1000
chmc_coh,macro_auc,-0.0076455012350432165,-0.008752349427220668,-0.00674492927692878,1.0,1000
chmc_coh,macro_brier,0.0038370783599093556,0.0035166733199730516,0.004136271495372057,1.0,1000
chmc_coh,macro_ece,0.010484998304092056,0.008990785009495843,0.012076034893166061,1.0,1000
