calibrator,ece_reduction_mean,ci_lo,ci_hi,p_two_sided,backbone,seed
C1_temp_scalar,0.0001809213682750338,-0.00024492348984528697,0.0005868991142742513,0.374,simpleresnet1d_hard_bce,42
C2_temp_per_label,0.0023050753799208927,0.0016145373656734092,0.0029753071810449355,0.0,simpleresnet1d_hard_bce,42
C3_per_label_affine,0.006324373528954167,0.0053549223163356745,0.00732525464513637,0.0,simpleresnet1d_hard_bce,42
C4_family_affine,0.002387456330785841,0.001689379209128288,0.0030860828504396935,0.0,simpleresnet1d_hard_bce,42
C5_isotonic,0.006705914307520888,0.005699240135520048,0.007718146289506489,0.0,simpleresnet1d_hard_bce,42
C1_temp_scalar,2.006874086203224e-06,-0.0004630581209628577,0.0005071933242165117,0.966,simpleresnet1d_hard_bce,123
C2_temp_per_label,0.0013509494192426278,0.0005991251342792402,0.0020555437914781113,0.002,simpleresnet1d_hard_bce,123
C3_per_label_affine,0.005587985328210135,0.004455465433405888,0.006699569736163437,0.0,simpleresnet1d_hard_bce,123
C4_family_affine,0.0017381589718281467,0.0007238820630899269,0.002689587354361362,0.0,simpleresnet1d_hard_bce,123
C5_isotonic,0.005816796051451474,0.00470649640686616,0.006932851314246482,0.0,simpleresnet1d_hard_bce,123
C1_temp_scalar,-0.0004524255450461379,-0.0005729169318312238,-0.00033371164591817815,0.0,simpleresnet1d_hard_bce,2024
C2_temp_per_label,0.0034119466969290153,0.0027537170584637683,0.004092364966251707,0.0,simpleresnet1d_hard_bce,2024
C3_per_label_affine,0.007675091937018453,0.0065008647160651484,0.00882014102373673,0.0,simpleresnet1d_hard_bce,2024
C4_family_affine,0.0026131179499034,0.0018699156698544198,0.0033513772825534997,0.0,simpleresnet1d_hard_bce,2024
C5_isotonic,0.00818163288863736,0.00698846847852708,0.009337055850731163,0.0,simpleresnet1d_hard_bce,2024
C1_temp_scalar,0.002649551109646343,0.0018018313956215443,0.003532019258556521,0.0,ecgfm_linprobe,42
C2_temp_per_label,0.004730258678415316,0.0037299159880178645,0.005797472750793116,0.0,ecgfm_linprobe,42
C3_per_label_affine,0.008260023443535752,0.00703940262524029,0.009574261455021136,0.0,ecgfm_linprobe,42
C4_family_affine,0.004800515682460228,0.003637654932586436,0.005937914005954686,0.0,ecgfm_linprobe,42
C5_isotonic,0.009514974361151757,0.008216162860334029,0.010883121681477214,0.0,ecgfm_linprobe,42
