method,seed,n_unique_among_C0_C4,mono_sens_gap,C5_isotonic_sens_gap,C5_changes_gap
asl,42,1,0.0754737292479787,0.1038690476190476,True
asl,123,1,0.0744555886720054,0.0824713031310253,True
asl,2024,1,0.0835400802573426,0.1433225713953618,True
chmc_coh,42,1,0.1021309163891894,0.1570899202908549,True
chmc_coh,123,1,0.0684001205344792,0.1148909732243065,True
chmc_coh,2024,1,0.062898663738832,0.0903447789545715,True
ecgfm_linprobe,42,1,0.0704416587873632,0.1163935492804804,True
focal,42,1,0.0653672357316348,0.0655618686868687,True
focal,123,1,0.0904274543404505,0.1371162499667172,True
focal,2024,1,0.0759564961141548,0.0404795373009936,True
hard_bce,42,1,0.1032468991078028,0.1752985332424585,True
hard_bce,123,1,0.0694005773681819,0.1148909732243065,True
hard_bce,2024,1,0.0583106538111115,0.0849660562661925,True
label_smooth,42,1,0.0643002375954697,0.070501616763299,True
label_smooth,123,1,0.0744313902956948,0.1377504322915715,True
label_smooth,2024,1,0.05210234918044511,0.0666411135161135,True
scp_soft_full,42,1,0.0793770332919973,0.1413772314521378,True
scp_soft_full,123,1,0.05657760490033821,0.0194179430598823,True
scp_soft_full,2024,1,0.0827617671095028,0.1598600722414014,True
soft,42,1,0.0999688875821143,0.2011594485711661,True
soft,123,1,0.0895913331609995,0.115763178836834,True
soft,2024,1,0.0888016334806819,0.1234504026286067,True
soft_parent_ord,42,1,0.0726096350522508,0.088385779284189,True
soft_parent_ord,123,1,0.0626680722897233,0.1090909090909091,True
soft_parent_ord,2024,1,0.0600707207821351,0.0195545195545195,True
