method,calibrator,macro_auc,labelwise_ece,family_ece_max,on_pareto_front
hard_bce,C5_isotonic,0.9045187501399109,0.005795005467888686,0.024780707339110943,True
asl,C5_isotonic,0.9005047569404852,0.00638759856934459,0.0241354431181328,True
focal,C5_isotonic,0.9011856039365916,0.006355773631678572,0.028316352710756054,False
label_smooth,C5_isotonic,0.8829615787449218,0.006451530743184578,0.021197443342128402,False
chmc_coh,C5_isotonic,0.8975078418563834,0.005895559965752165,0.024969479043046517,False
scp_soft_full,C5_isotonic,0.867648349443425,0.007044383645875188,0.024446692289547267,False
soft,C5_isotonic,0.9004844209841664,0.006154996822903439,0.021945961351336182,True
soft_parent_ord,C5_isotonic,0.8655392576705219,0.00679944656874192,0.02115090978122831,False
ecgfm_linprobe,C5_isotonic,0.8959368372645171,0.006069150378181844,0.017744535083896926,True
