method,calibrator,family,n_stmts,family_ece,family_brier,family_slope_mean,family_intercept_mean,method_macro_ece_at_this_cal,ratio,failure_cell
hard_bce,C5_isotonic,NORM,1,0.0247807073391109,0.1053586792155022,1.0049254402713883,-0.0611576966046588,0.0057950054678886,4.276218111687025,True
hard_bce,C5_isotonic,MI,14,0.0058786392438612,0.0134046854710137,0.8499236416017489,-0.5378001737773636,0.0057950054678886,1.0144320443588897,False
hard_bce,C5_isotonic,STTC,13,0.0047508367151607,0.0148309998656364,0.6507967150652595,-1.143594190697855,0.0057950054678886,0.8198157433131262,False
hard_bce,C5_isotonic,CD,11,0.0051588433548368,0.0129148468212808,1.081791670568211,-0.2314695555508823,0.0057950054678886,0.8902223446419684,False
hard_bce,C5_isotonic,HYP,5,0.0067278715870994,0.0189180844857057,0.6391361523848548,-1.2087723954772225,0.0057950054678886,1.1609776081109722,False
hard_bce,C3_per_label_affine,NORM,1,0.0211281499633537,0.1044104029891562,1.0450579087391805,-0.0620358687909749,0.0057436583871839,3.678517860758912,True
hard_bce,C3_per_label_affine,MI,14,0.0062755528020481,0.0131541684774574,1.053867703771308,0.0969136174026565,0.0057436583871839,1.0926055101137448,False
hard_bce,C3_per_label_affine,STTC,13,0.0044407455271883,0.0146872869618119,0.9749739725451216,-0.1053399598984634,0.0057436583871839,0.7731562756408278,False
hard_bce,C3_per_label_affine,CD,11,0.0055820570303019,0.0127984805997688,1.492402522879167,0.2223801464871404,0.0057436583871839,0.9718643857297292,False
hard_bce,C3_per_label_affine,HYP,5,0.0063776772469032,0.0186780398757562,0.8750092421097024,-0.415322371938047,0.0057436583871839,1.110385892923942,False
asl,C5_isotonic,NORM,1,0.0241354431181328,0.1093036007332593,0.974864209988526,-0.0419684436035109,0.0063875985693445,3.778484645851697,True
asl,C5_isotonic,MI,14,0.0067841829971215,0.0139276868282187,0.8439317638723032,-0.5488358978482925,0.0063875985693445,1.0620866235521265,False
asl,C5_isotonic,STTC,13,0.0053157851058044,0.0155249659613912,0.7479556950893329,-0.8223564972524601,0.0063875985693445,0.8322040040706341,False
asl,C5_isotonic,CD,11,0.0053838034606646,0.0137898430335608,1.1172461086944985,-0.1864234932799529,0.0063875985693445,0.842852505870145,False
asl,C5_isotonic,HYP,5,0.0078845518141145,0.0198181843389849,0.6819870710096367,-1.024965500898208,0.0063875985693445,1.2343530559284264,False
asl,C3_per_label_affine,NORM,1,0.0294309347376422,0.1087695866936497,1.0326983061652262,-0.0407573980054196,0.0104687882548134,2.8113028959306896,True
asl,C3_per_label_affine,MI,14,0.0104568851708175,0.0138393930629284,1.4025284660925204,0.6646023210966217,0.0104687882548134,0.9988629931462736,False
asl,C3_per_label_affine,STTC,13,0.0081727245588688,0.0153167961566893,1.4255295388983429,0.8957634928166964,0.0104687882548134,0.7806753140805087,False
asl,C3_per_label_affine,CD,11,0.0113849200294444,0.0137800677325072,1.7414833920305588,0.6168205171808872,0.0104687882548134,1.0875107751090238,False
asl,C3_per_label_affine,HYP,5,0.0119397106169571,0.0197322704241879,1.191848639426844,0.1705723702556578,0.0104687882548134,1.1405055032484146,False
focal,C5_isotonic,NORM,1,0.028316352710756,0.1104310223350107,0.9830565434825392,-0.0101447778076469,0.0063557736316785,4.455217311331092,True
focal,C5_isotonic,MI,14,0.00689098768249,0.0140227544965709,0.9714840247037784,-0.4645377192512861,0.0063557736316785,1.0842091115617916,False
focal,C5_isotonic,STTC,13,0.005525071568779,0.0151293377131516,0.6832090374714839,-1.0411374415031414,0.0063557736316785,0.8692996146434356,False
focal,C5_isotonic,CD,11,0.0049988316635841,0.0131020599320405,1.0750012242597828,-0.3498878404823505,0.0063557736316785,0.7865024705519572,False
focal,C5_isotonic,HYP,5,0.0071470513148197,0.0191091238104261,0.6298266322137068,-1.2408976784313357,0.0063557736316785,1.124497461520221,False
focal,C3_per_label_affine,NORM,1,0.0260407139673815,0.1096571964643873,1.0279580756335494,-0.013865932161954,0.0064304772174314,4.049577206617206,True
focal,C3_per_label_affine,MI,14,0.0069998978573416,0.0137488521222637,1.3410673135912463,0.6102243319542645,0.0064304772174314,1.088550292716483,False
focal,C3_per_label_affine,STTC,13,0.0049544964321696,0.0148815868038645,1.1534569949839144,0.5100980455299117,0.0064304772174314,0.7704710342086654,False
focal,C3_per_label_affine,CD,11,0.0059875095075262,0.0129721621956455,1.6982438084268157,0.5111531457257587,0.0064304772174314,0.9311143333648104,False
focal,C3_per_label_affine,HYP,5,0.0068270959939444,0.0188333367531717,0.934838340808767,-0.3302177180278253,0.0064304772174314,1.0616779693174063,False
label_smooth,C5_isotonic,NORM,1,0.0211974433421284,0.1054524304611582,1.0107961705068826,-0.0503639990929068,0.0064515307431845,3.2856455600899777,True
label_smooth,C5_isotonic,MI,14,0.0071225315371184,0.0139894182901992,0.8028747978549071,-0.8117960174084583,0.0064515307431845,1.1040064475617228,False
label_smooth,C5_isotonic,STTC,13,0.00605156687455,0.0150504115726481,0.7178087455304419,-0.9712017114293668,0.0064515307431845,0.9380048108649164,False
label_smooth,C5_isotonic,CD,11,0.0049287853584879,0.0132153667136467,1.2552118903162894,-0.2445367050816665,0.0064515307431845,0.763971459594258,False
label_smooth,C5_isotonic,HYP,5,0.0083597050168873,0.019186583192055,0.5608550968751115,-1.655295516813009,0.0064515307431845,1.2957707790075372,False
label_smooth,C3_per_label_affine,NORM,1,0.0281941640652063,0.1051673053035758,1.035090795716256,-0.0538668462568375,0.0125334112717854,2.249520378276872,True
label_smooth,C3_per_label_affine,MI,14,0.0143083549940292,0.0142020636096762,3.0640824425923725,8.983785328177603,0.0125334112717854,1.1416169695348222,False
label_smooth,C3_per_label_affine,STTC,13,0.011585006832113,0.0151695956592765,3.779545151779239,12.816711167114262,0.0125334112717854,0.9243299035588712,False
label_smooth,C3_per_label_affine,CD,11,0.0124291768750583,0.0137412196882533,3.2218063930556617,8.107622325779076,0.0125334112717854,0.9916834775092944,False
label_smooth,C3_per_label_affine,HYP,5,0.0111355303254952,0.0191000399311753,2.8490317282765774,8.66891898071045,0.0125334112717854,0.88846763933798,False
chmc_coh,C5_isotonic,NORM,1,0.0249694790430465,0.1418680516802454,1.012795876263039,-0.0608052712125868,0.0058955599657521,4.235302361115221,True
chmc_coh,C5_isotonic,MI,14,0.0057200215349221,0.0142327461125967,0.8598487612671134,-0.4894085145033015,0.0058955599657521,0.9702253167044854,False
chmc_coh,C5_isotonic,STTC,13,0.0050783291056436,0.015353248854182,0.6454548982060909,-1.1615696118212189,0.0058955599657521,0.8613819781571405,False
chmc_coh,C5_isotonic,CD,11,0.0051473470165827,0.0146469169466303,1.1613422627252152,-0.1728763114608262,0.0058955599657521,0.873088739065352,False
chmc_coh,C5_isotonic,HYP,5,0.0070362258670655,0.0199272961906408,0.6475196955780184,-1.2054651981400193,0.0058955599657521,1.1934788057350942,False
chmc_coh,C3_per_label_affine,NORM,1,0.0987261833015742,0.1557373523461066,1.4333417416323897,0.0747104056164162,0.0082647164749037,11.94550153067704,True
chmc_coh,C3_per_label_affine,MI,14,0.007179591140694,0.0141674055376262,1.04894691885801,0.0636062165674209,0.0082647164749037,0.868703864493748,False
chmc_coh,C3_per_label_affine,STTC,13,0.0047881476558709,0.0151967861442074,0.9599369485240756,-0.1402131631835978,0.0082647164749037,0.5793480841611914,False
chmc_coh,C3_per_label_affine,CD,11,0.0060704401843149,0.0146606490384777,1.679597294671909,0.6109651848061171,0.0082647164749037,0.7345007179312364,False
chmc_coh,C3_per_label_affine,HYP,5,0.0067532354863533,0.0197728366939328,0.888514734853923,-0.3757828011423469,0.0082647164749037,0.8171164137160607,False
scp_soft_full,C5_isotonic,NORM,1,0.0244466922895472,0.1070907643350613,1.008970867453555,-0.0696187119460813,0.0070443836458751,3.470380592326475,True
scp_soft_full,C5_isotonic,MI,14,0.0076888052939185,0.0156569282877757,0.7461577146771563,-0.9996766536243502,0.0070443836458751,1.0914802032993591,False
scp_soft_full,C5_isotonic,STTC,13,0.0054967240273903,0.0157747634751862,0.5716456833531398,-1.59901957095771,0.0070443836458751,0.7802987888953133,False
scp_soft_full,C5_isotonic,CD,11,0.006418357072872,0.0149772343975063,0.8098437868116551,-0.6553328754807749,0.0070443836458751,0.9111311074930324,False
scp_soft_full,C5_isotonic,HYP,5,0.0092747061838743,0.0200499282766472,0.6108472479562916,-1.4103787116703466,0.0070443836458751,1.3166100329168042,False
scp_soft_full,C3_per_label_affine,NORM,1,0.0258940005438464,0.1062977128276665,1.0460234227876928,-0.0594045828184006,0.006577728296296,3.9366175338114178,True
scp_soft_full,C3_per_label_affine,MI,14,0.0074482432285518,0.0155323000401661,1.0675271121728909,0.241446479371428,0.006577728296296,1.1323427926851253,False
scp_soft_full,C3_per_label_affine,STTC,13,0.0052273634314973,0.0155763026734403,0.9784212011595752,-0.0686730081664944,0.006577728296296,0.7947064998779223,False
scp_soft_full,C3_per_label_affine,CD,11,0.005332921783317,0.0146900019850658,1.1562368270043073,0.0217935264489416,0.006577728296296,0.8107543430032048,False
scp_soft_full,C3_per_label_affine,HYP,5,0.0072613400282766,0.0198421547065998,0.9239729215323332,-0.1875256880788615,0.006577728296296,1.103928241056344,False
soft,C5_isotonic,NORM,1,0.0219459613513361,0.1029264089381868,1.0330131876779072,-0.0964660382304861,0.0061549968229034,3.565552019405238,True
soft,C5_isotonic,MI,14,0.006519863093897,0.0133320524235204,1.0849565691910197,-0.1024603967992249,0.0061549968229034,1.0592796847003865,False
soft,C5_isotonic,STTC,13,0.005287644689699,0.0149656720566399,0.6747806822808492,-1.0385253837665147,0.0061549968229034,0.8590816277959972,False
soft,C5_isotonic,CD,11,0.0049485020007648,0.0128997671893725,0.8954461687285687,-0.36589004394363,0.0061549968229034,0.8039812437190778,False
soft,C5_isotonic,HYP,5,0.0081425539122786,0.0191325294691833,0.622982997589518,-1.2641108057595394,0.0061549968229034,1.3229176466800583,False
soft,C3_per_label_affine,NORM,1,0.0222205092282485,0.102399040026277,1.0597196140941427,-0.1071579643332395,0.0059029373429361,3.7643139232774057,True
soft,C3_per_label_affine,MI,14,0.0066082095607164,0.0130946372368147,1.2561835333839666,0.4932631915458241,0.0059029373429361,1.1194781812522987,False
soft,C3_per_label_affine,STTC,13,0.0048655416487961,0.0147739514443231,1.0018377337061397,0.0200988406420174,0.0059029373429361,0.8242577154607,False
soft,C3_per_label_affine,CD,11,0.0049994227828502,0.0127131381552466,1.4082766623695206,0.1686250776179317,0.0059029373429361,0.8469381415394662,False
soft,C3_per_label_affine,HYP,5,0.0071671013186767,0.0187954578260134,0.8415868787825754,-0.4626261601421721,0.0059029373429361,1.2141584608302562,False
soft_parent_ord,C5_isotonic,NORM,1,0.0211509097812283,0.1098369907783725,1.0086308287974324,-0.0847505644049625,0.0067994465687419,3.110681077848634,True
soft_parent_ord,C5_isotonic,MI,14,0.0083629734655998,0.0156284952118064,0.7271289194607328,-1.00987139128806,0.0067994465687419,1.2299491408676884,False
soft_parent_ord,C5_isotonic,STTC,13,0.0056063396328358,0.0156987538331062,0.645695775251037,-1.2816569341256108,0.0067994465687419,0.8245288165964921,False
soft_parent_ord,C5_isotonic,CD,11,0.0052644790240421,0.0146563487283396,0.9028763069663364,-0.507433556530299,0.0067994465687419,0.7742511057067203,False
soft_parent_ord,C5_isotonic,HYP,5,0.0084436286330232,0.0198141437208979,0.5410458540710846,-1.8004235138160627,0.0067994465687419,1.2418111603141242,False
soft_parent_ord,C3_per_label_affine,NORM,1,0.0249927633848643,0.1092822186186172,1.0443260401161485,-0.0693595181702641,0.0066358127233972,3.766345499284874,True
soft_parent_ord,C3_per_label_affine,MI,14,0.0079218920285317,0.0154330247784054,1.2447563134295303,0.6029259980921171,0.0066358127233972,1.1938088609101338,False
soft_parent_ord,C3_per_label_affine,STTC,13,0.0054387421632259,0.0155425987141194,1.022326777051376,0.061443376506458,0.0066358127233972,0.8196045292311318,False
soft_parent_ord,C3_per_label_affine,CD,11,0.0052407929915507,0.0145600126517722,1.262514303117509,-0.0220373569534088,0.0066358127233972,0.7897740955033671,False
soft_parent_ord,C3_per_label_affine,HYP,5,0.0072441557639519,0.019549047583036,0.8618523749484681,-0.5330667290203074,0.0066358127233972,1.0916757397944246,False
