method,seed,winner,dominance
asl,42,C4_family_affine,0.0
asl,123,C4_family_affine,0.0
asl,2024,C4_family_affine,0.0
focal,42,C4_family_affine,0.0
focal,123,C4_family_affine,0.0
focal,2024,C4_family_affine,0.0
label_smooth,42,C4_family_affine,0.0
label_smooth,123,C4_family_affine,0.0
label_smooth,2024,C4_family_affine,0.0
soft,42,C5_isotonic,0.092
soft,123,C5_isotonic,0.202
soft,2024,C5_isotonic,0.356
soft_parent,42,C5_isotonic,0.04
soft_parent,123,C5_isotonic,0.0
soft_parent,2024,C5_isotonic,0.026
soft_parent_ord,42,C5_isotonic,0.0
soft_parent_ord,123,C5_isotonic,0.0
soft_parent_ord,2024,C5_isotonic,0.0
scp_soft_full,42,C5_isotonic,0.0
scp_soft_full,123,C5_isotonic,0.0
scp_soft_full,2024,C5_isotonic,0.0
