method,calibrator,family,n_stmts,family_ece,family_brier,family_slope_mean,family_intercept_mean,method_macro_ece_at_this_cal,ratio
hard_bce,C5_isotonic,NORM,1,0.024780707339110943,0.10535867921550228,1.0049254402713885,-0.061157696604658855,0.005795005467888686,4.276218111687025
hard_bce,C5_isotonic,MI,14,0.0058786392438612625,0.013404685471013762,0.8499236416017489,-0.5378001737773636,0.005795005467888686,1.0144320443588895
hard_bce,C5_isotonic,STTC,13,0.004750836715160794,0.014830999865636478,0.6507967150652595,-1.143594190697855,0.005795005467888686,0.8198157433131262
hard_bce,C5_isotonic,CD,11,0.005158843354836893,0.01291484682128089,1.081791670568211,-0.23146955555088233,0.005795005467888686,0.8902223446419684
hard_bce,C5_isotonic,HYP,5,0.0067278715870994115,0.018918084485705734,0.6391361523848548,-1.2087723954772225,0.005795005467888686,1.1609776081109722
hard_bce,C3_per_label_affine,NORM,1,0.021128149963353746,0.1044104029891562,1.0450579087391803,-0.06203586879097495,0.005743658387183913,3.6785178607589115
hard_bce,C3_per_label_affine,MI,14,0.006275552802048168,0.013154168477457448,1.053867703771308,0.09691361740265658,0.005743658387183913,1.0926055101137448
hard_bce,C3_per_label_affine,STTC,13,0.004440745527188318,0.01468728696181199,0.9749739725451215,-0.10533995989846347,0.005743658387183913,0.7731562756408278
hard_bce,C3_per_label_affine,CD,11,0.005582057030301901,0.012798480599768819,1.492402522879167,0.22238014648714044,0.005743658387183913,0.9718643857297293
hard_bce,C3_per_label_affine,HYP,5,0.006377677246903297,0.01867803987575625,0.8750092421097024,-0.41532237193804705,0.005743658387183913,1.1103858929239419
hard_bce,C4_family_affine,NORM,1,0.038128969427484775,0.10666019518491392,0.9068882824558431,0.18235124361426258,0.01096474108463985,3.4774163049685147
hard_bce,C4_family_affine,MI,14,0.011956900141653298,0.013610424660016903,1.0643610322094765,0.02685498283657715,0.01096474108463985,1.0904863187698368
hard_bce,C4_family_affine,STTC,13,0.008902681992572268,0.015145706077330151,1.0400479960895652,0.13995271438646836,0.01096474108463985,0.8119372745649002
hard_bce,C4_family_affine,CD,11,0.009953855239963843,0.013382594807795106,1.4668675840227436,0.40847567977049676,0.01096474108463985,0.9078057715296055
hard_bce,C4_family_affine,HYP,5,0.011984962969830322,0.019069595979125355,0.8980014703276882,-0.3836854633332962,0.01096474108463985,1.0930456886592304
asl,C5_isotonic,NORM,1,0.0241354431181328,0.1093036007332593,0.974864209988526,-0.04196844360351096,0.00638759856934459,3.778484645851697
asl,C5_isotonic,MI,14,0.006784182997121589,0.013927686828218752,0.8439317638723032,-0.5488358978482925,0.00638759856934459,1.0620866235521265
asl,C5_isotonic,STTC,13,0.005315785105804422,0.015524965961391237,0.7479556950893329,-0.8223564972524601,0.00638759856934459,0.8322040040706341
asl,C5_isotonic,CD,11,0.005383803460664641,0.013789843033560865,1.1172461086944985,-0.18642349327995292,0.00638759856934459,0.842852505870145
asl,C5_isotonic,HYP,5,0.00788455181411454,0.01981818433898495,0.6819870710096367,-1.0249655008982081,0.00638759856934459,1.2343530559284264
asl,C3_per_label_affine,NORM,1,0.029430934737642255,0.10876958669364971,1.0326983061652262,-0.04075739800541964,0.010468788254813455,2.8113028959306896
asl,C3_per_label_affine,MI,14,0.01045688517081752,0.013839393062928404,1.4025284660925204,0.6646023210966217,0.010468788254813455,0.9988629931462736
asl,C3_per_label_affine,STTC,13,0.008172724558868834,0.015316796156689384,1.4255295388983427,0.8957634928166964,0.010468788254813455,0.7806753140805087
asl,C3_per_label_affine,CD,11,0.011384920029444426,0.013780067732507222,1.7414833920305588,0.6168205171808872,0.010468788254813455,1.0875107751090238
asl,C3_per_label_affine,HYP,5,0.011939710616957111,0.019732270424187962,1.191848639426844,0.17057237025565786,0.010468788254813455,1.1405055032484146
asl,C4_family_affine,NORM,1,0.04595631683994003,0.11126102913993101,1.0366352449456522,0.186371942623657,0.015646859921577237,2.9370951788585793
asl,C4_family_affine,MI,14,0.01728313250717498,0.01481870380173497,1.4227575529011902,0.6685518621152764,0.015646859921577237,1.104575141197583
asl,C4_family_affine,STTC,13,0.01206283289366863,0.01585056377833087,1.443983436787634,1.0202243785507512,0.015646859921577237,0.7709427293481305
asl,C4_family_affine,CD,11,0.015954132646845705,0.014493903422456716,1.7333048402691127,0.7896514204794878,0.015646859921577237,1.0196379801959328
asl,C4_family_affine,HYP,5,0.01855436732483904,0.02050883477433872,1.1834917203748858,0.19640493855192961,0.015646859921577237,1.1858205044228913
focal,C5_isotonic,NORM,1,0.028316352710756054,0.11043102233501075,0.9830565434825393,-0.010144777807646927,0.006355773631678572,4.455217311331092
focal,C5_isotonic,MI,14,0.006890987682490086,0.014022754496570972,0.9714840247037785,-0.4645377192512861,0.006355773631678572,1.0842091115617916
focal,C5_isotonic,STTC,13,0.005525071568779092,0.015129337713151676,0.6832090374714839,-1.0411374415031414,0.006355773631678572,0.8692996146434356
focal,C5_isotonic,CD,11,0.004998831663584182,0.013102059932040553,1.0750012242597828,-0.3498878404823505,0.006355773631678572,0.7865024705519572
focal,C5_isotonic,HYP,5,0.00714705131481971,0.019109123810426145,0.6298266322137068,-1.2408976784313357,0.006355773631678572,1.124497461520221
focal,C3_per_label_affine,NORM,1,0.026040713967381543,0.10965719646438733,1.0279580756335494,-0.01386593216195403,0.006430477217431427,4.049577206617206
focal,C3_per_label_affine,MI,14,0.006999897857341654,0.013748852122263766,1.3410673135912463,0.6102243319542645,0.006430477217431427,1.088550292716483
focal,C3_per_label_affine,STTC,13,0.004954496432169652,0.014881586803864547,1.1534569949839144,0.5100980455299117,0.006430477217431427,0.7704710342086654
focal,C3_per_label_affine,CD,11,0.0059875095075262634,0.012972162195645507,1.6982438084268157,0.5111531457257587,0.006430477217431427,0.9311143333648103
focal,C3_per_label_affine,HYP,5,0.006827095993944443,0.01883333675317179,0.934838340808767,-0.33021771802782535,0.006430477217431427,1.0616779693174065
focal,C4_family_affine,NORM,1,0.0385300598467254,0.11141565433742251,0.9958389675219838,0.20287535359739162,0.013005335865422725,2.962634740496417
focal,C4_family_affine,MI,14,0.014743683471907248,0.014819137033120404,1.356362109138739,0.6407500648395662,0.013005335865422725,1.1336641840297463
focal,C4_family_affine,STTC,13,0.010371462091145619,0.015746510826145005,1.2104585079248924,0.6585058570736181,0.013005335865422725,0.7974774506762425
focal,C4_family_affine,CD,11,0.011698141232767302,0.013934984209908255,1.7036773376867542,0.7500097397016586,0.013005335865422725,0.8994878220614925
focal,C4_family_affine,HYP,5,0.015848193920723463,0.019879974554987013,0.9866918781749435,-0.39374038342137324,0.013005335865422725,1.2185916676599673
label_smooth,C5_isotonic,NORM,1,0.021197443342128402,0.10545243046115828,1.0107961705068826,-0.05036399909290686,0.006451530743184578,3.2856455600899777
label_smooth,C5_isotonic,MI,14,0.0071225315371184475,0.013989418290199269,0.8028747978549071,-0.8117960174084583,0.006451530743184578,1.1040064475617228
label_smooth,C5_isotonic,STTC,13,0.006051566874550044,0.015050411572648142,0.7178087455304419,-0.9712017114293667,0.006451530743184578,0.9380048108649165
label_smooth,C5_isotonic,CD,11,0.00492878535848795,0.013215366713646726,1.2552118903162894,-0.24453670508166656,0.006451530743184578,0.763971459594258
label_smooth,C5_isotonic,HYP,5,0.008359705016887356,0.019186583192055042,0.5608550968751115,-1.655295516813009,0.006451530743184578,1.2957707790075372
label_smooth,C3_per_label_affine,NORM,1,0.028194164065206303,0.10516730530357583,1.035090795716256,-0.05386684625683754,0.012533411271785401,2.2495203782768716
label_smooth,C3_per_label_affine,MI,14,0.014308354994029231,0.01420206360967629,3.0640824425923725,8.983785328177603,0.012533411271785401,1.1416169695348222
label_smooth,C3_per_label_affine,STTC,13,0.01158500683211307,0.01516959565927655,3.7795451517792387,12.816711167114262,0.012533411271785401,0.9243299035588712
label_smooth,C3_per_label_affine,CD,11,0.012429176875058337,0.01374121968825335,3.2218063930556617,8.107622325779076,0.012533411271785401,0.9916834775092945
label_smooth,C3_per_label_affine,HYP,5,0.011135530325495205,0.019100039931175324,2.8490317282765774,8.66891898071045,0.012533411271785401,0.88846763933798
label_smooth,C4_family_affine,NORM,1,0.059218846490077165,0.1114677532787683,0.7058025292348425,0.1358447692091634,0.01707593345141943,3.4679712625112518
label_smooth,C4_family_affine,MI,14,0.019050025225611607,0.014998381607704942,3.0670788514089575,8.746095941910987,0.01707593345141943,1.115606668286007
label_smooth,C4_family_affine,STTC,13,0.014611498405195008,0.015685999075618885,3.8658063593070398,12.202794785587757,0.01707593345141943,0.8556778724140807
label_smooth,C4_family_affine,CD,11,0.016656683401375588,0.01455761487058381,3.461628731406489,8.304391431366836,0.01707593345141943,0.9754478985739433
label_smooth,C4_family_affine,HYP,5,0.0178650743969961,0.019711320042475642,3.01370939932027,8.023570207568135,0.01707593345141943,1.0462136344008224
chmc_coh,C5_isotonic,NORM,1,0.024969479043046517,0.1418680516802454,1.012795876263039,-0.06080527121258683,0.005895559965752165,4.235302361115221
chmc_coh,C5_isotonic,MI,14,0.005720021534922179,0.014232746112596775,0.8598487612671134,-0.48940851450330153,0.005895559965752165,0.9702253167044854
chmc_coh,C5_isotonic,STTC,13,0.005078329105643643,0.015353248854182088,0.6454548982060909,-1.1615696118212189,0.005895559965752165,0.8613819781571405
chmc_coh,C5_isotonic,CD,11,0.005147347016582727,0.01464691694663033,1.1613422627252152,-0.1728763114608262,0.005895559965752165,0.873088739065352
chmc_coh,C5_isotonic,HYP,5,0.007036225867065527,0.019927296190640827,0.6475196955780184,-1.2054651981400193,0.005895559965752165,1.1934788057350942
chmc_coh,C3_per_label_affine,NORM,1,0.09872618330157427,0.15573735234610667,1.4333417416323897,0.07471040561641629,0.008264716474903731,11.94550153067704
chmc_coh,C3_per_label_affine,MI,14,0.007179591140694018,0.014167405537626241,1.04894691885801,0.0636062165674209,0.008264716474903731,0.868703864493748
chmc_coh,C3_per_label_affine,STTC,13,0.004788147655870912,0.015196786144207464,0.9599369485240755,-0.14021316318359786,0.008264716474903731,0.5793480841611914
chmc_coh,C3_per_label_affine,CD,11,0.006070440184314908,0.014660649038477719,1.679597294671909,0.6109651848061171,0.008264716474903731,0.7345007179312364
chmc_coh,C3_per_label_affine,HYP,5,0.00675323548635338,0.01977283669393286,0.888514734853923,-0.3757828011423469,0.008264716474903731,0.8171164137160607
chmc_coh,C4_family_affine,NORM,1,0.11697786377873474,0.16856845630288686,1.1357053089279334,0.5264028191400071,0.01647968504962912,7.0983070020119925
chmc_coh,C4_family_affine,MI,14,0.015493760455042032,0.015227305319994876,1.0351135944978738,-0.16265268268939517,0.01647968504962912,0.9401733351324407
chmc_coh,C4_family_affine,STTC,13,0.009965430562773867,0.015748673420602793,0.9743926508084666,-0.1345935972193936,0.01647968504962912,0.6047100131320859
chmc_coh,C4_family_affine,CD,11,0.015495583893638282,0.01639249645297167,1.664149704465369,1.2157298077896495,0.01647968504962912,0.9402839827929244
chmc_coh,C4_family_affine,HYP,5,0.014411993336339518,0.020438264030458498,0.9031660745596802,-0.4555840227942293,0.01647968504962912,0.874530871975849
scp_soft_full,C5_isotonic,NORM,1,0.024446692289547267,0.10709076433506133,1.0089708674535547,-0.06961871194608131,0.007044383645875188,3.470380592326475
scp_soft_full,C5_isotonic,MI,14,0.007688805293918531,0.015656928287775772,0.7461577146771563,-0.9996766536243502,0.007044383645875188,1.0914802032993591
scp_soft_full,C5_isotonic,STTC,13,0.005496724027390361,0.015774763475186263,0.5716456833531398,-1.59901957095771,0.007044383645875188,0.7802987888953133
scp_soft_full,C5_isotonic,CD,11,0.006418357072872066,0.014977234397506306,0.8098437868116551,-0.6553328754807749,0.007044383645875188,0.9111311074930325
scp_soft_full,C5_isotonic,HYP,5,0.009274706183874328,0.02004992827664725,0.6108472479562916,-1.4103787116703466,0.007044383645875188,1.3166100329168042
scp_soft_full,C3_per_label_affine,NORM,1,0.02589400054384643,0.10629771282766652,1.0460234227876928,-0.059404582818400616,0.006577728296296023,3.9366175338114178
scp_soft_full,C3_per_label_affine,MI,14,0.00744824322855181,0.015532300040166194,1.0675271121728909,0.24144647937142807,0.006577728296296023,1.1323427926851253
scp_soft_full,C3_per_label_affine,STTC,13,0.005227363431497382,0.015576302673440378,0.9784212011595751,-0.06867300816649442,0.006577728296296023,0.7947064998779223
scp_soft_full,C3_per_label_affine,CD,11,0.005332921783317072,0.014690001985065858,1.1562368270043073,0.02179352644894163,0.006577728296296023,0.8107543430032048
scp_soft_full,C3_per_label_affine,HYP,5,0.007261340028276611,0.019842154706599873,0.9239729215323332,-0.1875256880788615,0.006577728296296023,1.103928241056344
scp_soft_full,C4_family_affine,NORM,1,0.04554628630463478,0.10999824889985536,0.8207368018983114,0.22872062973154636,0.01100478146045779,4.138772447984632
scp_soft_full,C4_family_affine,MI,14,0.012273538078758842,0.015944544909166643,1.0596189379363992,0.009211879826487449,0.01100478146045779,1.115291396095409
scp_soft_full,C4_family_affine,STTC,13,0.007197269543758325,0.015735866422029305,1.0266530066897357,0.1695348914838802,0.01100478146045779,0.6540129460652574
scp_soft_full,C4_family_affine,CD,11,0.010571980800739395,0.015338378033559459,1.2805962260672403,0.3290342016300574,0.01100478146045779,0.9606715806875832
scp_soft_full,C4_family_affine,HYP,5,0.013712179876191508,0.02035601225995454,0.9259191960987514,-0.3401214981174337,0.01100478146045779,1.2460201890843448
soft,C5_isotonic,NORM,1,0.021945961351336182,0.10292640893818682,1.0330131876779072,-0.09646603823048616,0.006154996822903439,3.565552019405238
soft,C5_isotonic,MI,14,0.006519863093897036,0.013332052423520438,1.0849565691910195,-0.10246039679922492,0.006154996822903439,1.0592796847003865
soft,C5_isotonic,STTC,13,0.0052876446896990776,0.014965672056639998,0.6747806822808492,-1.0385253837665147,0.006154996822903439,0.8590816277959972
soft,C5_isotonic,CD,11,0.004948502000764879,0.01289976718937251,0.8954461687285687,-0.36589004394363006,0.006154996822903439,0.8039812437190778
soft,C5_isotonic,HYP,5,0.008142553912278654,0.019132529469183358,0.622982997589518,-1.2641108057595394,0.006154996822903439,1.3229176466800583
soft,C3_per_label_affine,NORM,1,0.022220509228248586,0.10239904002627702,1.0597196140941427,-0.10715796433323954,0.005902937342936124,3.7643139232774057
soft,C3_per_label_affine,MI,14,0.0066082095607164085,0.013094637236814713,1.2561835333839666,0.49326319154582415,0.005902937342936124,1.1194781812522987
soft,C3_per_label_affine,STTC,13,0.0048655416487961844,0.014773951444323162,1.0018377337061397,0.0200988406420174,0.005902937342936124,0.8242577154607
soft,C3_per_label_affine,CD,11,0.004999422782850236,0.012713138155246655,1.4082766623695206,0.1686250776179317,0.005902937342936124,0.8469381415394662
soft,C3_per_label_affine,HYP,5,0.007167101318676768,0.018795457826013454,0.8415868787825754,-0.46262616014217217,0.005902937342936124,1.2141584608302562
soft,C4_family_affine,NORM,1,0.025775595154792785,0.1028562967976167,0.9508227269063542,0.012243614583988807,0.009152470495090015,2.81624455043264
soft,C4_family_affine,MI,14,0.010578656553590674,0.01347030032346335,1.2389525111151711,0.28087552720466036,0.009152470495090015,1.1558252560623667
soft,C4_family_affine,STTC,13,0.007343392907710736,0.015055118054758823,1.0918804392566568,0.3972624282473867,0.009152470495090015,0.8023399705740886
soft,C4_family_affine,CD,11,0.009258359678635239,0.01331413598662024,1.4167981705035337,0.3824571418420875,0.009152470495090015,1.0115694646163602
soft,C4_family_affine,HYP,5,0.008854911992936197,0.01897604100155593,0.9321764233948743,-0.10692880289990869,0.009152470495090015,0.9674887231471057
soft_parent_ord,C5_isotonic,NORM,1,0.02115090978122831,0.1098369907783725,1.0086308287974324,-0.08475056440496258,0.00679944656874192,3.110681077848634
soft_parent_ord,C5_isotonic,MI,14,0.008362973465599876,0.015628495211806454,0.7271289194607328,-1.0098713912880601,0.00679944656874192,1.2299491408676884
soft_parent_ord,C5_isotonic,STTC,13,0.005606339632835854,0.01569875383310625,0.645695775251037,-1.2816569341256108,0.00679944656874192,0.8245288165964921
soft_parent_ord,C5_isotonic,CD,11,0.005264479024042197,0.014656348728339602,0.9028763069663365,-0.507433556530299,0.00679944656874192,0.7742511057067203
soft_parent_ord,C5_isotonic,HYP,5,0.008443628633023293,0.019814143720897927,0.5410458540710846,-1.8004235138160627,0.00679944656874192,1.2418111603141242
soft_parent_ord,C3_per_label_affine,NORM,1,0.024992763384864388,0.10928221861861724,1.0443260401161483,-0.0693595181702641,0.006635812723397211,3.766345499284874
soft_parent_ord,C3_per_label_affine,MI,14,0.007921892028531797,0.015433024778405436,1.2447563134295305,0.6029259980921171,0.006635812723397211,1.1938088609101338
soft_parent_ord,C3_per_label_affine,STTC,13,0.005438742163225926,0.015542598714119471,1.022326777051376,0.06144337650645807,0.006635812723397211,0.8196045292311318
soft_parent_ord,C3_per_label_affine,CD,11,0.005240792991550767,0.014560012651772265,1.262514303117509,-0.022037356953408832,0.006635812723397211,0.7897740955033671
soft_parent_ord,C3_per_label_affine,HYP,5,0.007244155763951905,0.01954904758303609,0.8618523749484681,-0.5330667290203074,0.006635812723397211,1.0916757397944246
soft_parent_ord,C4_family_affine,NORM,1,0.03993291850688931,0.11141141143663942,0.8109860211354901,0.12953532107981539,0.009858665315929592,4.050540030237751
soft_parent_ord,C4_family_affine,MI,14,0.012547640073113618,0.01578975149774985,1.2402523218651773,0.09578252723640472,0.009858665315929592,1.27275241333522
soft_parent_ord,C4_family_affine,STTC,13,0.006958974414185459,0.015638763886525023,1.0604734402928997,0.2283954959860933,0.009858665315929592,0.705873887709848
soft_parent_ord,C4_family_affine,CD,11,0.008200188617400165,0.01489653127834053,1.2695297807470374,-0.012742378826828764,0.009858665315929592,0.8317747235166136
soft_parent_ord,C4_family_affine,HYP,5,0.010802090803162035,0.019752397704893693,0.8462487377320956,-0.6550880144544896,0.009858665315929592,1.095695051713345
ecgfm_linprobe,C5_isotonic,NORM,1,0.017744535083896926,0.10325286526849785,1.0443114906746684,-0.07645654839108487,0.006069150378181844,2.923726383133831
ecgfm_linprobe,C5_isotonic,MI,14,0.008196515594374391,0.012923345557337504,0.9366802697729093,-0.420989017285156,0.006069150378181844,1.3505210916902424
ecgfm_linprobe,C5_isotonic,STTC,13,0.004966411406962181,0.015331594429682068,0.6756873319776063,-1.1178987335325783,0.006069150378181844,0.8183042267029782
ecgfm_linprobe,C5_isotonic,CD,11,0.004474591171539672,0.012606385286161599,1.0629660096982112,-0.40504887089082103,0.006069150378181844,0.737268133547243
ecgfm_linprobe,C5_isotonic,HYP,5,0.007262357743145795,0.019427605791461817,0.4837053201995183,-1.7736197677123604,0.006069150378181844,1.1966020432206532
ecgfm_linprobe,C3_per_label_affine,NORM,1,0.023409487828271236,0.10314693596257124,1.083368997150543,-0.0503080626606911,0.006899428452996442,3.392960444151635
ecgfm_linprobe,C3_per_label_affine,MI,14,0.008153559110730069,0.012763364050823536,1.1043080295801229,0.1947653419947325,0.006899428452996442,1.1817731231329682
ecgfm_linprobe,C3_per_label_affine,STTC,13,0.005991971837559104,0.015190822073743166,1.0135765727795671,-0.03442973081048436,0.006899428452996442,0.8684736537787812
ecgfm_linprobe,C3_per_label_affine,CD,11,0.0063435253544111055,0.012556365704977725,1.4100837925592093,0.3538239361348497,0.006899428452996442,0.9194276594978086
ecgfm_linprobe,C3_per_label_affine,HYP,5,0.006370920336396985,0.01887791389181861,0.9406656459844911,-0.13959586992402062,0.006899428452996442,0.9233982756397852
ecgfm_linprobe,C4_family_affine,NORM,1,0.04976239045220951,0.10694512786422679,0.7007316898588826,0.15014864636765948,0.010965767762431775,4.537975956657883
ecgfm_linprobe,C4_family_affine,MI,14,0.011650012890891782,0.013199406908665607,1.0539297618503458,-0.041706392171298935,0.010965767762431775,1.0623982874053013
ecgfm_linprobe,C4_family_affine,STTC,13,0.009994713817100034,0.015610137408067458,1.080057006246294,0.031914595655312294,0.010965767762431775,0.9114467891013953
ecgfm_linprobe,C4_family_affine,CD,11,0.008417499955062897,0.012892755738664989,1.4627433375980352,0.6057158342080703,0.010965767762431775,0.7676161065439367
ecgfm_linprobe,C4_family_affine,HYP,5,0.012179663364306387,0.01910542901032665,1.0813505704250876,0.15100135520211827,0.010965767762431775,1.1106986421902316
