row_label,method,seed,macro_auc,macro_brier,macro_ece,hvr
row1: hard-BCE,hard_bce,42,0.9123768603030835,0.011343938298523426,0.014365434960805652,0.1738758437113794
row1: hard-BCE,hard_bce,123,0.9208991731176941,0.011272015050053596,0.01287980467601388,0.18351146904241306
row1: hard-BCE,hard_bce,2024,0.9212082623275675,0.011415540240705013,0.01596425591750195,0.2252251028750696
row2: + stmt-soft,soft,42,0.9149350066193499,0.011061380617320538,0.012287438854767003,0.1717436475493325
row2: + stmt-soft,soft,123,0.9171882273380663,0.011260496452450752,0.014666153130674753,0.176429046758926
row2: + stmt-soft,soft,2024,0.9149020019053739,0.011515728197991848,0.013554500369098596,0.22681406434614915
row3: + parent-soft heads,soft_parent,42,0.8927737835270667,0.011677606031298637,0.013094875548423873,0.18516154441622643
row3: + parent-soft heads,soft_parent,123,0.896084247469562,0.011362019926309586,0.011131822574920288,0.15520894164301333
row3: + parent-soft heads,soft_parent,2024,0.8958508115987555,0.011757428757846355,0.014759194055390118,0.20158760338435214
row4: + ordinal CORN,soft_parent_ord,42,0.8753824127915063,0.011856724508106709,0.013648364449004509,0.22920429698640554
row4: + ordinal CORN,soft_parent_ord,123,0.8788255014313296,0.01212035771459341,0.011615827719790873,0.15721890999959257
row4: + ordinal CORN,soft_parent_ord,2024,0.8796108925164721,0.01259527262300253,0.014811963253303402,0.17655127456439368
row5: + hierarchy (full),scp_soft_full,42,0.8813153758071102,0.011845321394503117,0.011289184043401318,0.1601184251626309
row5: + hierarchy (full),scp_soft_full,123,0.8787578494189542,0.01255865953862667,0.01671397566835185,0.1475221707658251
row5: + hierarchy (full),scp_soft_full,2024,0.8810849779959699,0.012529734522104263,0.015296885801752766,0.17117325112381676
