method,calibrator,family,family_ece,method_macro_ece,ratio
hard_bce,C5_isotonic,NORM,0.024780707339110943,0.005795005467888686,4.276218111687025
hard_bce,C3_per_label_affine,NORM,0.021128149963353746,0.005743658387183913,3.6785178607589115
hard_bce,C4_family_affine,NORM,0.038128969427484775,0.01096474108463985,3.4774163049685147
asl,C5_isotonic,NORM,0.0241354431181328,0.00638759856934459,3.778484645851697
asl,C3_per_label_affine,NORM,0.029430934737642255,0.010468788254813455,2.8113028959306896
asl,C4_family_affine,NORM,0.04595631683994003,0.015646859921577237,2.9370951788585793
focal,C5_isotonic,NORM,0.028316352710756054,0.006355773631678572,4.455217311331092
focal,C3_per_label_affine,NORM,0.026040713967381543,0.006430477217431427,4.049577206617206
focal,C4_family_affine,NORM,0.0385300598467254,0.013005335865422725,2.962634740496417
label_smooth,C5_isotonic,NORM,0.021197443342128402,0.006451530743184578,3.2856455600899777
label_smooth,C3_per_label_affine,NORM,0.028194164065206303,0.012533411271785401,2.2495203782768716
label_smooth,C4_family_affine,NORM,0.059218846490077165,0.01707593345141943,3.4679712625112518
chmc_coh,C5_isotonic,NORM,0.024969479043046517,0.005895559965752165,4.235302361115221
chmc_coh,C3_per_label_affine,NORM,0.09872618330157427,0.008264716474903731,11.94550153067704
chmc_coh,C4_family_affine,NORM,0.11697786377873474,0.01647968504962912,7.0983070020119925
scp_soft_full,C5_isotonic,NORM,0.024446692289547267,0.007044383645875188,3.470380592326475
scp_soft_full,C3_per_label_affine,NORM,0.02589400054384643,0.006577728296296023,3.9366175338114178
scp_soft_full,C4_family_affine,NORM,0.04554628630463478,0.01100478146045779,4.138772447984632
soft,C5_isotonic,NORM,0.021945961351336182,0.006154996822903439,3.565552019405238
soft,C3_per_label_affine,NORM,0.022220509228248586,0.005902937342936124,3.7643139232774057
soft,C4_family_affine,NORM,0.025775595154792785,0.009152470495090015,2.81624455043264
soft_parent_ord,C5_isotonic,NORM,0.02115090978122831,0.00679944656874192,3.110681077848634
soft_parent_ord,C3_per_label_affine,NORM,0.024992763384864388,0.006635812723397211,3.766345499284874
soft_parent_ord,C4_family_affine,NORM,0.03993291850688931,0.009858665315929592,4.050540030237751
ecgfm_linprobe,C5_isotonic,NORM,0.017744535083896926,0.006069150378181844,2.923726383133831
ecgfm_linprobe,C3_per_label_affine,NORM,0.023409487828271236,0.006899428452996442,3.392960444151635
ecgfm_linprobe,C4_family_affine,NORM,0.04976239045220951,0.010965767762431775,4.537975956657883
