backbone,seed,calibrator,val_ece,test_ece,test_brier,test_auc,val_auc
inceptiontime,42,C0_raw,0.01165980638009059,0.012290856253416393,0.011054939021695503,0.9185120761554706,0.9169214805565532
inceptiontime,42,C1_single_T,0.012050420197169351,0.011954917988699033,0.010938518247022124,0.9185120761554706,0.9169214805565532
inceptiontime,42,C2_per_label_T,0.00928358854683021,0.010314115657649168,0.010723877738809654,0.9185120761554706,0.9169214805565532
inceptiontime,42,C3_per_label_affine,0.005243147146339292,0.005763539444980375,0.01024700536417068,0.9185120761554706,0.9169214805565532
inceptiontime,42,C4_family_affine,0.009833865761555264,0.009643463030586972,0.01062675068335518,0.9185120761554706,0.9169214805565532
inceptiontime,42,C5_isotonic,0.0023617439336307473,0.005667882738678935,0.010419648793702618,0.8779990887796302,0.9384761783486268
inceptiontime,123,C0_raw,0.010921441593771328,0.011579586174873906,0.010911262029507983,0.9167232663422282,0.9209482794202986
inceptiontime,123,C1_single_T,0.010669146851683981,0.011142339185981499,0.010749977388304984,0.9167232663422282,0.9209482794202986
inceptiontime,123,C2_per_label_T,0.008560302384511984,0.009144430062046361,0.010607514257244051,0.9167232663422282,0.9209482794202986
inceptiontime,123,C3_per_label_affine,0.004546932097753398,0.0054997254649990935,0.010268622115869645,0.9167232663422282,0.9209482794202986
inceptiontime,123,C4_family_affine,0.007657056166360268,0.00792188375202167,0.010398916030780593,0.9167232663422282,0.9209482794202986
inceptiontime,123,C5_isotonic,0.0020934590606049405,0.005689039782688075,0.010433907984302793,0.8785787293786126,0.9389859646515525
inceptiontime,2024,C0_raw,0.009510254392009056,0.00925771507316943,0.01035472219914383,0.9146567142300843,0.9155342026056413
inceptiontime,2024,C1_single_T,0.009775168587301628,0.009350315604368093,0.010307537089356115,0.9146567142300843,0.9155342026056413
inceptiontime,2024,C2_per_label_T,0.007834051222561311,0.007885184242872507,0.010223293629162324,0.9146567142300843,0.9155342026056413
inceptiontime,2024,C3_per_label_affine,0.004963646839403183,0.0059777434431555225,0.010007978015683214,0.9146567142300843,0.9155342026056413
inceptiontime,2024,C4_family_affine,0.007938377310991668,0.008269010392284566,0.010158761142004098,0.9146567142300843,0.9155342026056413
inceptiontime,2024,C5_isotonic,0.002289921521679588,0.005892231191043003,0.010107428098211274,0.8767176450148245,0.9367256166822935
