method,seed,macro_auc,macro_brier,macro_ece,hvr
hard_bce,42,0.9123768603030835,0.011343938298523426,0.014365434960805652,0.1738758437113794
hard_bce,123,0.9208991731176941,0.011272015050053596,0.01287980467601388,0.18351146904241306
hard_bce,2024,0.9212082623275675,0.011415540240705013,0.01596425591750195,0.2252251028750696
asl,42,0.9096449766936174,0.02652408368885517,0.13106811908064092,0.19908193337226515
asl,123,0.9111371626565808,0.030263476073741913,0.15624461209222348,0.23288471201770944
asl,2024,0.9150733410443573,0.029257267713546753,0.14391063323496267,0.21039479581166054
focal,42,0.9164794551421118,0.015636412426829338,0.06552965774990856,0.2001616123205628
focal,123,0.91561486927679,0.016735808923840523,0.07451032547854106,0.20048755313514321
focal,2024,0.9152272836542191,0.015156261622905731,0.06396672092558267,0.22744557467439872
label_smooth,42,0.8952692482792223,0.020880084484815598,0.09485945260072048,0.1980837396276126
label_smooth,123,0.8895361015328518,0.020978894084692,0.09649621460434867,0.19165998940692353
label_smooth,2024,0.9009797909234465,0.021528039127588272,0.10034537096357493,0.23190688957396818
scp_soft_full,42,0.8813153758071102,0.011845321394503117,0.011289184043401318,0.1601184251626309
scp_soft_full,123,0.8787578494189542,0.01255865953862667,0.01671397566835185,0.1475221707658251
scp_soft_full,2024,0.8810849779959699,0.012529734522104263,0.015296885801752766,0.17117325112381676
hard_bce+temp,42,0.9123768603030835,0.011194976046681404,0.013726837714351181,0.17439870710143549
hard_bce+dir,42,0.9123768603030835,0.01054964680224657,0.005042307241550699,0.17300666820583163
hard_bce+temp,123,0.9208991731176941,0.01115491520613432,0.012559136976683873,0.185793054744476
hard_bce+dir,123,0.9208991731176941,0.01049560122191906,0.00486069911626821,0.18664864938274958
hard_bce+temp,2024,0.9212082623275675,0.011413896456360817,0.016492756513828994,0.22577512799967406
hard_bce+dir,2024,0.9212083036222516,0.010611447505652905,0.004921857058331361,0.2211101000909918
chmc_coh,42,0.9048401002939829,0.015182600356638432,0.024752720871880404,0.0
chmc_coh,123,0.9122679086216848,0.015672307461500168,0.026713232863968345,0.0
chmc_coh,2024,0.915877892723154,0.012988371774554253,0.019317157497572558,0.0
