method,seed,calibrator,val_macro_ece,val_threshold_gap_sens09,val_macro_auc,test_macro_ece,test_macro_brier,test_macro_auc,test_threshold_gap_sens09,test_threshold_gap_spec09,test_family_ece_NORM,test_family_ece_MI,test_family_ece_STTC,test_family_ece_CD,test_family_ece_HYP,n_params
hard_bce,42,C0_raw,0.011889944492838728,0.002426372526014612,0.9246788930133025,0.013740828737844726,0.01134393756101355,0.9123768603030835,0.10324689910780287,0.0098907737201861,0.06076545343102307,0.014321471911950302,0.010975086291053015,0.012284127879715731,0.01650881379191189,0
hard_bce,42,C1_temp_scalar,0.011608475400204116,0.002426372526014612,0.9246788930133025,0.013276958222586758,0.011192643915730242,0.9123768603030835,0.10324689910780287,0.0098907737201861,0.04638940397043708,0.014390014291831614,0.010459208994337802,0.013806947383062117,0.01417666937231597,1
hard_bce,42,C2_temp_per_label,0.00936085574434067,0.002426372526014612,0.9246788930133025,0.01051299314755881,0.01100254648202608,0.9123768603030835,0.10324689910780287,0.0098907737201861,0.03710454802455834,0.013406252693822776,0.006722676387328455,0.011973799646725273,0.009372047215541678,71
hard_bce,42,C3_per_label_affine,0.004588303402842492,0.002426372526014612,0.9246788930133025,0.005998460531188335,0.01054963785373118,0.9123768603030835,0.10324689910780287,0.0098907737201861,0.023570703083416345,0.007128192305706819,0.004576481171579371,0.0056033058350155865,0.006310829780398431,142
hard_bce,42,C4_family_affine,0.009697751641060078,0.002426372526014612,0.9246788930133025,0.010766006693222117,0.010887884617284273,0.9123768603030835,0.10324689910780287,0.0098907737201861,0.028243445189164003,0.010744672070666091,0.01050552050633448,0.009427169660778282,0.012151814466034016,10
hard_bce,42,C5_isotonic,0.002563504435365749,0.0027755579145743526,0.9351645956278272,0.006056859435138471,0.010680945073590367,0.9003500411335342,0.1752985332424585,0.010806709496755138,0.01904499193431439,0.006076352581661778,0.004971147941645403,0.005742644454418771,0.007238051020448866,200
hard_bce,123,C0_raw,0.012161588174824678,0.002426372526014612,0.9230914616206108,0.012793446963083169,0.011272014787458798,0.9208990654402028,0.06940057736818192,0.009260953992391059,0.05648872692644372,0.011588239020196357,0.01134641866307448,0.009799024257235625,0.0147910879987693,0
hard_bce,123,C1_temp_scalar,0.011961060465420299,0.002426372526014612,0.9230913916865111,0.012381838774315826,0.011155025272100659,0.9208991405250185,0.06940057736818192,0.009260953992391059,0.037483037378460704,0.009642737405942244,0.0120348196233346,0.009608693493402577,0.01687588012421862,1
hard_bce,123,C2_temp_per_label,0.010113058154898184,0.002426372526014612,0.9230913916865111,0.010762152448772253,0.011014520696688916,0.920899365779466,0.06940057736818192,0.009260953992391059,0.03184963121543723,0.006919108340988207,0.009812033894003033,0.008753797965442114,0.01394131895048199,71
hard_bce,123,C3_per_label_affine,0.004922634129281536,0.002426372526014612,0.9230913916865111,0.005638755836863184,0.010495667627033835,0.920899365779466,0.06940057736818192,0.009260953992391059,0.016228616536120156,0.0054289381122080895,0.004710760144943115,0.005893361093489871,0.007078249559672926,142
hard_bce,123,C4_family_affine,0.01014796120020435,0.002426372526014612,0.9230913916865111,0.01048164717496097,0.01082901389500549,0.920899365779466,0.06940057736818192,0.009260953992391059,0.04587757504815323,0.010194879050480998,0.00908613075486197,0.00732346839303013,0.0128795926959135,10
hard_bce,123,C5_isotonic,0.0023685803050205708,0.002148681490202959,0.9343587928895878,0.005794378341674457,0.010632507022952202,0.9036921036909612,0.11489097322430657,0.007550015312161072,0.02738902127383797,0.00585399031291042,0.004955155567826735,0.005137682935789252,0.00574574143375487,200
hard_bce,2024,C0_raw,0.013762390900847915,0.002426372526014612,0.9259129525645988,0.014650440320854125,0.011415541704728239,0.9212079174980122,0.05831065381111153,0.008555356702613546,0.053672026099258974,0.014821875194104198,0.011659372259642352,0.014832044026775036,0.015692958721591065,0
hard_bce,2024,C1_temp_scalar,0.014195499260278804,0.002426372526014612,0.9259130224986984,0.015074334252474678,0.011413940561580958,0.9212078762033281,0.05831065381111153,0.008555356702613546,0.05119485105096067,0.01487447495316189,0.012707965513391714,0.015532602150792354,0.014699318209231746,1
hard_bce,2024,C2_temp_per_label,0.009558275093255988,0.002426372526014612,0.9259126999382957,0.010674014653146074,0.011124947284417395,0.9212078762033281,0.05831065381111153,0.008555356702613546,0.03756953754633482,0.01051887619635917,0.008711743559279294,0.010948997620628667,0.00943845430619338,71
hard_bce,2024,C3_per_label_affine,0.004709396101963624,0.002426372526014612,0.9259129525645988,0.005593758793500222,0.010611466392902455,0.9212079174980122,0.05831065381111153,0.008555356702613546,0.02358513027052474,0.006269527988229596,0.0040349952650424676,0.005249504162400245,0.005743952400638532,142
hard_bce,2024,C4_family_affine,0.01132612441374989,0.002426372526014612,0.9259129525645988,0.011646569385736464,0.011082048023842979,0.9212079174980122,0.05831065381111153,0.008555356702613546,0.04026588804513708,0.0149311493038128,0.007116394716520354,0.01311092766608312,0.01092348174754345,10
hard_bce,2024,C5_isotonic,0.002923059838475769,0.0018018318370906171,0.9364501582754376,0.005533778626853132,0.010715127981004309,0.909514105595237,0.08496605626619257,0.008626633038494091,0.02790810880918047,0.005705574837011589,0.004326206636010246,0.004596202674302657,0.007199822307094498,200
asl,42,C0_raw,0.127822802895959,0.002426372526014612,0.9140787748511779,0.12815195033180493,0.026524083654536675,0.9096449766936174,0.07547372924797877,0.010695313239863696,0.12616109041441181,0.1271862883002359,0.1276791690799061,0.12993026932420296,0.15348782381182663,0
asl,42,C1_temp_scalar,0.03044440761623519,0.002426372526014612,0.9140787748511779,0.03126551435026232,0.01379627581373397,0.9096449766936174,0.07547372924797877,0.010695313239863696,0.10389160403723446,0.024112318875434215,0.03024885136956339,0.038146263252901186,0.03595694551022631,1
asl,42,C2_temp_per_label,0.018488384097802704,0.002426372526014612,0.9140787748511779,0.019679797046974236,0.013080192232179105,0.9096449766936174,0.07547372924797877,0.010695313239863696,0.10059524693435652,0.011750405670036806,0.021412832448402194,0.022325051970335724,0.01784907832442216,71
asl,42,C3_per_label_affine,0.009939210015409646,0.002426372526014612,0.9140787748511779,0.010038986832788494,0.01108196349941332,0.9096449766936174,0.07547372924797877,0.010695313239863696,0.026078978043316093,0.010150738381690151,0.0076263748363153,0.011669597946826319,0.010518278705762277,142
asl,42,C4_family_affine,0.016749726477282408,0.002426372526014612,0.9140787748511779,0.017079933115547268,0.011840457487905671,0.9096449766936174,0.07547372924797877,0.010695313239863696,0.029268107069270684,0.02146403059874496,0.01477864193683425,0.018053515008110522,0.014834754192403453,10
asl,42,C5_isotonic,0.002497078170257024,0.0014476128751724612,0.9274466719524234,0.006252004371554089,0.012187163435797833,0.8976123107840793,0.10386904761904765,0.011461466705502854,0.025244994455519688,0.006840598212064914,0.004626916935108668,0.004864555259462525,0.009236364023413124,200
asl,123,C0_raw,0.14813834209563795,0.002426372526014612,0.9147364527542048,0.14991033962768877,0.03026347494303198,0.9111371626565808,0.07445558867200543,0.008050390632527956,0.1385536038768465,0.1572687171725429,0.15154297548705814,0.15251298493965051,0.1649878003961937,0
asl,123,C1_temp_scalar,0.032312864760915716,0.002426372526014612,0.9147364527542048,0.03311496779202011,0.01388292087976405,0.9111371626565808,0.07445558867200543,0.008050390632527956,0.03841846365619801,0.037943096007316456,0.0252243128745481,0.049427238988740706,0.026513590605104474,1
asl,123,C2_temp_per_label,0.02026266748960027,0.002426372526014612,0.9147364527542048,0.020812640274457613,0.013251663804881717,0.9111371626565808,0.07445558867200543,0.008050390632527956,0.03984640119761505,0.02395998674245337,0.013725332590069845,0.03586534348163613,0.009350703384098116,71
asl,123,C3_per_label_affine,0.01090274013151929,0.002426372526014612,0.9147364527542048,0.01107453268091975,0.011147254397608563,0.9111371626565808,0.07445558867200543,0.008050390632527956,0.02433682948164896,0.010825043129684872,0.00921804002006119,0.01199998940108729,0.012740772577728487,142
asl,123,C4_family_affine,0.015085025683962205,0.002426372526014612,0.9147364527542048,0.015642814520251683,0.011479994289129743,0.9111371626565808,0.07445558867200543,0.008050390632527956,0.06576309091811622,0.014306168833654634,0.012322749779238891,0.015310974879431604,0.019991615383030455,10
asl,123,C5_isotonic,0.0025019760328833006,0.0026454374216490833,0.9274976064940458,0.006187968174886109,0.012333106649258746,0.9036625189997881,0.08247130313102537,0.008294034564962027,0.023498870390005495,0.006401229957583656,0.005965097745260485,0.005428925990616697,0.005953359253865242,200
asl,2024,C0_raw,0.13879884860489322,0.002426372526014612,0.9202488291284094,0.13767349393694697,0.02925726619697846,0.9150733537841637,0.08354008025734265,0.009043340467750759,0.1294546087591945,0.13116113164689963,0.1412747141530373,0.13986806671058227,0.15919644592255486,0
asl,2024,C1_temp_scalar,0.036116454978398285,0.002426372526014612,0.9202488291284094,0.03630892481113012,0.01438652944727359,0.9150733410443573,0.08354008025734265,0.009043340467750759,0.1189099357208688,0.030637541847467975,0.0324674244015197,0.04073349251023015,0.042541679457664794,1
asl,2024,C2_temp_per_label,0.02284148741915568,0.002426372526014612,0.92024868926021,0.024036198229248747,0.013530478477607482,0.9150733537841637,0.08354008025734265,0.009043340467750759,0.11695423530197756,0.023291438167677227,0.017812802597835773,0.02674564918182755,0.021038564140002446,71
asl,2024,C3_per_label_affine,0.01002917322509689,0.002426372526014612,0.9202488291284094,0.010292845250732124,0.011006238193308872,0.9150733537841637,0.08354008025734265,0.009043340467750759,0.037876996687961705,0.010394874001077536,0.007673758820230007,0.01048517274041967,0.012560080567380574,142
asl,2024,C4_family_affine,0.014097172240244146,0.002426372526014612,0.9202488291284094,0.01421783212893276,0.011410189516225662,0.9150733537841637,0.08354008025734265,0.009043340467750759,0.04283775253243319,0.016079198089125342,0.009087106964932753,0.014497908052994989,0.020836732399083215,10
asl,2024,C5_isotonic,0.0026207238416320463,0.0006844494337486656,0.9322784947139867,0.006722823161593572,0.01225678586521245,0.900239441037588,0.14332257139536186,0.010867542435531896,0.023662464508873222,0.007110720821716194,0.005355340637044111,0.005857929131914702,0.008463932165065254,200
focal,42,C0_raw,0.06501176312778464,0.002426372526014612,0.9229174582133891,0.06365970257541062,0.015636413204661623,0.9164794551421118,0.06536723573163483,0.009300073454918551,0.09512353057992579,0.07830850188146712,0.061417757985024024,0.054759338037094867,0.0699406249224956,0
focal,42,C1_temp_scalar,0.01637823304264056,0.002426372526014612,0.9229174582133891,0.016286371692623137,0.011664985932583083,0.9164794551421118,0.06536723573163483,0.009300073454918551,0.03685166283511789,0.024587550792907437,0.011288433472510554,0.01631533089325947,0.01502342731037077,1
focal,42,C2_temp_per_label,0.01135812802992588,0.002426372526014612,0.9229174582133891,0.011799993929154814,0.011448532529564216,0.9164794551421118,0.06536723573163483,0.009300073454918551,0.03685050113154705,0.017623953952620695,0.00645587829072546,0.013272153456658518,0.009491468023416579,71
focal,42,C3_per_label_affine,0.0060875704672822715,0.002426372526014612,0.9229174582133891,0.006401763774698125,0.010741566915979526,0.9164794551421118,0.06536723573163483,0.009300073454918551,0.030877473470885198,0.006893402988575387,0.005206333326858216,0.0056773113560529475,0.006177883979191757,142
focal,42,C4_family_affine,0.011370428548284711,0.002426372526014612,0.9229174582133891,0.011116933985634148,0.011168385019866818,0.9164794551421118,0.06536723573163483,0.009300073454918551,0.032510390046961594,0.011233021387078917,0.009211359433594775,0.010096941516000716,0.0159033068408315,10
focal,42,C5_isotonic,0.002782399590523585,0.001752318088951747,0.9339364458046081,0.006470704246702366,0.01110277426666756,0.9027576722916405,0.0655618686868687,0.00988228152734294,0.03022160548360863,0.007199058210056893,0.0047950378462223555,0.005777918177327755,0.008017609976650669,200
focal,123,C0_raw,0.07236656579605254,0.002426372526014612,0.9226597150087883,0.07168339299102823,0.01673581081970573,0.91561486927679,0.09042745434045057,0.009951107540134781,0.09478526919219198,0.07812532052500294,0.062416129129112354,0.07506839248813339,0.07821038920675223,0
focal,123,C1_temp_scalar,0.016896845268675083,0.002426372526014612,0.9226597150087883,0.017271631544993088,0.011929241270647055,0.91561486927679,0.09042745434045057,0.009951107540134781,0.02415651563024353,0.02237363494982823,0.00983731037640856,0.02354524817037902,0.014475820933923285,1
focal,123,C2_temp_per_label,0.009925698296586145,0.002426372526014612,0.9226599676350913,0.010904957778558332,0.011552544216297866,0.91561486927679,0.09042745434045057,0.009951107540134781,0.023505889371800055,0.0158031582181258,0.00628488009700261,0.01183915563519301,0.009392504614472438,71
focal,123,C3_per_label_affine,0.006205780229644827,0.002426372526014612,0.9226597150087883,0.006450527708223312,0.011004523678069167,0.91561486927679,0.09042745434045057,0.009951107540134781,0.02467285877373483,0.006460052787994261,0.00493252601670779,0.005997098486769758,0.007458046240880309,142
focal,123,C4_family_affine,0.012890316205667201,0.002426372526014612,0.9226597150087883,0.012960655865358418,0.011673538414385568,0.91561486927679,0.09042745434045057,0.009951107540134781,0.044793020696010884,0.014305964321032637,0.008832307550385124,0.014205629436230442,0.01117071443207672,10
focal,123,C5_isotonic,0.002563664371776384,0.0019568995922750556,0.9337644196375122,0.006577941602468342,0.01141650428634799,0.9002415182816355,0.13711624996671726,0.011656856332689999,0.03844892132427336,0.006790636094817174,0.005776363704596694,0.00442612062367553,0.006653879286412476,200
focal,2024,C0_raw,0.05934262047138039,0.002426372526014612,0.9247272152999871,0.06001146988515411,0.015156261952555206,0.9152272836542191,0.07595649611415481,0.010609148041742851,0.09515693435297976,0.06609854758986766,0.06651154176234024,0.039378131935305205,0.06986942982023425,0
focal,2024,C1_temp_scalar,0.02132623424869261,0.002426372526014612,0.9247272152999871,0.021994248506714602,0.012360778440263372,0.9152272836542191,0.07595649611415481,0.010609148041742851,0.05469642708740503,0.024982339807400663,0.02699397851403688,0.011015664210106146,0.020212632476494376,1
focal,2024,C2_temp_per_label,0.014918196817549962,0.002426372526014612,0.9247272152999871,0.01628895075322579,0.012062824036648214,0.9152272836542191,0.07595649611415481,0.010609148041742851,0.05456685048984142,0.019933587211875495,0.017682095324140484,0.008529538032067378,0.012482381647959307,71
focal,2024,C3_per_label_affine,0.005913954249726643,0.002426372526014612,0.9247272152999871,0.00643914016937284,0.010628390225104792,0.9152272836542191,0.07595649611415481,0.010609148041742851,0.022571809657524602,0.007646237795455311,0.0047246299529429495,0.0062881186797560835,0.006845357761761263,142
focal,2024,C4_family_affine,0.0141808923855681,0.002426372526014612,0.9247272152999871,0.014938417745275606,0.011532655706884068,0.9152272836542191,0.07595649611415481,0.010609148041742851,0.038286768797203725,0.01869206470761019,0.013070719289456958,0.01079185274607075,0.020470560489262164,10
focal,2024,C5_isotonic,0.0023209365634107135,0.0029770125955087268,0.935302477439921,0.0060186750458650065,0.010830922999601327,0.9005576212364989,0.04047953730099367,0.009095763642611804,0.016278531324386166,0.0066832687425961886,0.006003813155518224,0.004792456189749262,0.006769664681395987,200
label_smooth,42,C0_raw,0.09643917210358295,0.002426372526014612,0.9022252586000562,0.09605082503343018,0.020880084250794177,0.8952692776667148,0.06430023759546977,0.007768489867118496,0.054268390330078395,0.09904728959573555,0.09559723178957484,0.09538581543489531,0.0965506533941286,0
label_smooth,42,C1_temp_scalar,0.01946504767325416,0.002426372526014612,0.9022252586000562,0.0192960914663295,0.011568622171259717,0.8952692776667148,0.06430023759546977,0.007768489867118496,0.0704709464000149,0.022876839149972968,0.015081817939367144,0.019689316608280258,0.014071159614697081,1
label_smooth,42,C2_temp_per_label,0.013987902308927097,0.002426372526014612,0.9022252586000562,0.013808423642016565,0.01121138844727341,0.8952692776667148,0.06430023759546977,0.007768489867118496,0.041437091322800476,0.01803007716026327,0.011591844671284351,0.013996403217170788,0.00943720408815569,71
label_smooth,42,C3_per_label_affine,0.012574830312060989,0.002426372526014612,0.9022252586000562,0.012270610089610725,0.011009325734818474,0.8952692776667148,0.06430023759546977,0.007768489867118496,0.02598486077870912,0.014561443949466547,0.011230209381217894,0.012148114311230689,0.01027619659772386,142
label_smooth,42,C4_family_affine,0.018524515787077943,0.002426372526014612,0.9022252586000562,0.018346712711048305,0.01171314395951579,0.8952692776667148,0.06430023759546977,0.007768489867118496,0.05888078707735667,0.021620980277229085,0.015989180008671337,0.01795923295592792,0.016912114439960955,10
label_smooth,42,C5_isotonic,0.0030498366578606026,0.002924170070766924,0.9173455326878688,0.006617948108518369,0.013991075360224248,0.8848177684570615,0.07050161676329902,0.007398849530440732,0.02828024242758019,0.006770187898417376,0.006033956212514335,0.0049079798331394635,0.008958922602407663,200
label_smooth,123,C0_raw,0.0975602690189773,0.002426372526014612,0.9018962045973377,0.09735323505750058,0.020978895644513527,0.8895361015328518,0.07443139029569484,0.01045370885558269,0.06311835722829993,0.0953137136008257,0.09562932123654076,0.09817905701431723,0.09772711098100906,0
label_smooth,123,C1_temp_scalar,0.016981194852289255,0.002426372526014612,0.9018962045973377,0.017023678201814753,0.01126686604236653,0.8895361015328518,0.07443139029569484,0.01045370885558269,0.059051070953833724,0.01689749068215515,0.01398553986853269,0.01619427361775798,0.013797396448317125,1
label_smooth,123,C2_temp_per_label,0.013145688895106694,0.002426372526014612,0.9018962045973377,0.01310250170537811,0.011091744705159072,0.8895361015328518,0.07443139029569484,0.01045370885558269,0.04396518675468055,0.014502667819365433,0.011588295205576367,0.012167072029024084,0.009963503583192762,71
label_smooth,123,C3_per_label_affine,0.013058248451088111,0.002426372526014612,0.9018962045973377,0.0131026312763228,0.011084040953043384,0.8895361015328518,0.07443139029569484,0.01045370885558269,0.02908246994215157,0.015235106014820924,0.012133721334177264,0.013403447185421016,0.010471590639887974,142
label_smooth,123,C4_family_affine,0.016041274175877102,0.002426372526014612,0.9018962941635861,0.01612915148246379,0.011383625493160302,0.8895361015328518,0.07443139029569484,0.01045370885558269,0.05303540922813326,0.016765225002370626,0.014870600842139937,0.01586173161734318,0.016210188617082597,10
label_smooth,123,C5_isotonic,0.0028016441819432737,0.0016806260282824662,0.9178553111451856,0.006271057762306967,0.014086741511297046,0.8781631008376811,0.13775043229157155,0.016167921933673637,0.015516330415994805,0.00792463704837764,0.0058608862213033784,0.004678956374970715,0.007193783945708274,200
label_smooth,2024,C0_raw,0.10051220553166451,0.002426372526014612,0.9037804686841175,0.10078604980626342,0.02152804081215102,0.9009798322181306,0.05210234918044513,0.010270387524343708,0.09824869463099901,0.09330677648887795,0.11125134269449567,0.09748424738724645,0.08709445097115064,0
label_smooth,2024,C1_temp_scalar,0.019164262109819148,0.002426372526014612,0.9037804686841175,0.019903314906070023,0.011688757709168373,0.9009798449579367,0.05210234918044513,0.010270387524343708,0.10306339988186686,0.01881084475034504,0.018612215763769976,0.015432507501005737,0.01800517947563975,1
label_smooth,2024,C2_temp_per_label,0.013984572227463446,0.002426372526014612,0.9037804686841175,0.014707051085131201,0.011336062896650524,0.9009798322181306,0.05210234918044513,0.010270387524343708,0.09671203572442034,0.012470410225126516,0.012427680966196564,0.013110302127345617,0.013119610589249922,71
label_smooth,2024,C3_per_label_affine,0.011770259626453177,0.002426372526014612,0.9037804686841175,0.01222699244942268,0.010928852637600026,0.9009797909234465,0.05210234918044513,0.010270387524343708,0.029515161474758217,0.013128515017800222,0.01139108978094405,0.011735969128523305,0.01265880373887378,142
label_smooth,2024,C4_family_affine,0.016611628132454377,0.002426372526014612,0.9037804686841175,0.016751936160746207,0.011471827299220121,0.9009798322181306,0.05210234918044513,0.010270387524343708,0.06574034316474156,0.018763870397235108,0.012974714364773751,0.016149085630855667,0.020472920133944746,10
label_smooth,2024,C5_isotonic,0.002868803625400053,0.0020499371365707932,0.9200107720111153,0.006465586358728398,0.013971441651688836,0.885903866940023,0.06664111351611351,0.00664732031414204,0.019795757182810216,0.006672769664560326,0.006259858189832417,0.005199419867353673,0.008926408502546135,200
chmc_coh,42,C0_raw,0.020638038176594695,0.002426372526014612,0.9173907257526189,0.02219475028555936,0.015182600341375268,0.9048401002939829,0.10213091638918949,0.00957011503846856,0.35209799362400074,0.01583025997124701,0.012324358357719488,0.013494250833490538,0.013822567377544899,0
chmc_coh,42,C1_temp_scalar,0.01989312489893336,0.002426372526014612,0.9173907257526189,0.021230746892375637,0.014536363613550582,0.9048401002939829,0.10213091638918949,0.00957011503846856,0.31416621197098094,0.017067844782827604,0.011888977446557057,0.014599866146444908,0.010638003709948232,1
chmc_coh,42,C2_temp_per_label,0.014577172835995553,0.002426372526014612,0.9173907257526189,0.015817804366065547,0.013015755050756554,0.9048401002939829,0.10213091638918949,0.00957011503846856,0.23021743020841048,0.01475945417786288,0.007318274627516907,0.011484540164026955,0.007758850052326354,71
chmc_coh,42,C3_per_label_affine,0.008362366141375418,0.002426372526014612,0.9173907257526189,0.009280768558615708,0.012110525321595707,0.9048401002939829,0.10213091638918949,0.00957011503846856,0.16106993533726835,0.006584957801898175,0.00459371246717761,0.005323983154655286,0.004917063005674013,142
chmc_coh,42,C4_family_affine,0.015177590999536611,0.002426372526014612,0.9173907257526189,0.016705808485436797,0.013009465172744386,0.9048401002939829,0.10213091638918949,0.00957011503846856,0.16702641205086577,0.013850056181848947,0.011597753321570288,0.013948367513615648,0.01083629298837662,10
chmc_coh,42,C5_isotonic,0.002497431574313959,0.0029654229912034757,0.929376884056204,0.00587880649856646,0.011801859163675956,0.894636924522465,0.1570899202908549,0.009513740054345535,0.019185308305151756,0.005872960063459037,0.005354370420506491,0.005530561608498247,0.00529662116299951,200
chmc_coh,123,C0_raw,0.02259859643682191,0.002426372526014612,0.9142235364341574,0.02406717350317377,0.015672308907738818,0.9122674255201146,0.06840012053447925,0.009238163788321338,0.3257766959909908,0.022996991166013468,0.009400134285245805,0.014162788656796607,0.024920186142282023,0
chmc_coh,123,C1_temp_scalar,0.02111444737254393,0.002426372526014612,0.9142235364341574,0.022218001903830525,0.014751780082538959,0.9122674255201146,0.06840012053447925,0.009238163788321338,0.28159792753151996,0.01940855427456347,0.011218385271244184,0.012883730316358083,0.021387371238605842,1
chmc_coh,123,C2_temp_per_label,0.016232305280839406,0.002426372526014612,0.9142235364341574,0.017227886611229485,0.013501487107529199,0.9122674255201146,0.06840012053447925,0.009238163788321338,0.23367387431930475,0.014781220427998645,0.007500286417557018,0.010729128503327587,0.009762237271842271,71
chmc_coh,123,C3_per_label_affine,0.007739898810242682,0.002426372526014612,0.9142235364341574,0.0088861956507751,0.012164199997035247,0.9122674255201146,0.06840012053447925,0.009238163788321338,0.10370304244094816,0.008677450173902685,0.004898263337588846,0.005345458079112482,0.009399867261546358,142
chmc_coh,123,C4_family_affine,0.017347400279390503,0.002426372526014612,0.9142235364341574,0.017750798223671455,0.013408352457013372,0.9122674255201146,0.06840012053447925,0.009238163788321338,0.13933039638087757,0.01653121378391255,0.009348512344736907,0.011212192313943355,0.02239186089474996,10
chmc_coh,123,C5_isotonic,0.0028088295830956474,0.002148681490202959,0.9259358248589795,0.006161137491516484,0.012018087434277435,0.8951325321487187,0.11489097322430657,0.007620736670011142,0.030751571790980443,0.005355336483205537,0.0052402955442502905,0.005076530845780251,0.008793459250676438,200
chmc_coh,2024,C0_raw,0.016691584451917575,0.002426372526014612,0.9204222175495458,0.01768286737573596,0.012988371258100099,0.9158775065989146,0.06289866373883209,0.008958670972544448,0.11927577159969324,0.018039401443998834,0.008865359940584511,0.020865531842249395,0.015667334669461665,0
chmc_coh,2024,C1_temp_scalar,0.01697609754540243,0.002426372526014612,0.9204222175495458,0.017917047559345197,0.012936668026917765,0.9158774938591083,0.06289866373883209,0.008958670972544448,0.12046016380536606,0.017461569387808306,0.009710057570388208,0.021260554175406596,0.014190766080855795,1
chmc_coh,2024,C2_temp_per_label,0.013107204053971106,0.002426372526014612,0.9204219649232427,0.014133966815418281,0.012442930401040971,0.9158774938591083,0.06289866373883209,0.008958670972544448,0.11899730180712215,0.013264510848542917,0.006651008172918706,0.016581672865927963,0.009305232817618126,71
chmc_coh,2024,C3_per_label_affine,0.005566922476095614,0.002426372526014612,0.9204222175495458,0.006627185215320386,0.011526726637299691,0.9158774938591083,0.06289866373883209,0.008958670972544448,0.0314055721265063,0.0062763654462811925,0.004872467162846281,0.007541879319176956,0.005942776191839767,142
chmc_coh,2024,C4_family_affine,0.014373088578996199,0.002426372526014612,0.920419761220615,0.01498244843977911,0.012427349270271315,0.9158775065989146,0.06289866373883209,0.008958670972544448,0.04457678290446089,0.016100011399364598,0.008950026022014406,0.021326191853355842,0.010007826125891971,10
chmc_coh,2024,C5_isotonic,0.002623325323923874,0.0014666977370971902,0.9314586349850539,0.005646735907173552,0.011546251296221909,0.9027540688979665,0.0903447789545715,0.008466777132865465,0.02497155703300736,0.005931768058101963,0.004640321352174148,0.004834948595469684,0.007018597187520633,200
scp_soft_full,42,C0_raw,0.010761134183213446,0.002426372526014612,0.8888230222299562,0.011057674756986989,0.011845321270829351,0.8813153044346578,0.07937703329199731,0.011875600958775965,0.036115887989470206,0.007490977714012472,0.010173247878861645,0.01237769722516581,0.016336305434461712,0
scp_soft_full,42,C1_temp_scalar,0.010648694701309492,0.002426372526014612,0.8888230222299562,0.010882122949133136,0.011812076416018799,0.8813153044346578,0.07937703329199731,0.011875600958775965,0.036286437784873775,0.007393615949277205,0.009385195518650347,0.012946340009498378,0.015931500186637592,1
scp_soft_full,42,C2_temp_per_label,0.008962722443787454,0.002426372526014612,0.8888230222299562,0.009009122602460713,0.011679104482190556,0.8813153044346578,0.07937703329199731,0.011875600958775965,0.03771199350966484,0.006950511042811586,0.0076756001329904506,0.01000540878771605,0.010583751004895175,71
scp_soft_full,42,C3_per_label_affine,0.005878586162783389,0.002426372526014612,0.8888230222299562,0.0066613529231336725,0.011496285174800896,0.8813153044346578,0.07937703329199731,0.011875600958775965,0.03058910759959712,0.007790357938320285,0.0048953841737170685,0.005449942967095025,0.006970374611287186,142
scp_soft_full,42,C4_family_affine,0.009678867445979313,0.002426372526014612,0.8888230222299562,0.009732114938927623,0.011705333180370798,0.8813153044346578,0.07937703329199731,0.011875600958775965,0.034835676029373916,0.007778180805072346,0.007030944931763885,0.011392363461115097,0.014838385633766011,10
scp_soft_full,42,C5_isotonic,0.002944467578737506,0.0013743813068615347,0.9047072794873589,0.007246495667784533,0.011701060893322299,0.8711033635697977,0.14137723145213785,0.00939563239682036,0.028112176697263958,0.008163421333090837,0.006154931516121111,0.005659680932939623,0.010058104611921154,200
scp_soft_full,123,C0_raw,0.014879987834031879,0.002426372526014612,0.8883983325407092,0.015285326352579228,0.012558659153628473,0.8787578494189542,0.05657760490033828,0.00641696260714239,0.06581569316060286,0.018802045409383832,0.009481463531729899,0.014752744792420574,0.018462920633484883,0
scp_soft_full,123,C1_temp_scalar,0.015637183900818044,0.002426372526014612,0.8883983325407092,0.015667941480020292,0.012515481914922053,0.8787578494189542,0.05657760490033828,0.00641696260714239,0.06007179074729056,0.017477289392567662,0.010493606649657664,0.016654082795217826,0.018095061337488384,1
scp_soft_full,123,C2_temp_per_label,0.010994281122641166,0.002426372526014612,0.8883983325407092,0.011550306609082616,0.012210934398155744,0.8787578494189542,0.05657760490033828,0.00641696260714239,0.06321746845384006,0.010472241068629673,0.007433234099794413,0.014246628711971873,0.01005691398725297,71
scp_soft_full,123,C3_per_label_affine,0.006278634286449066,0.002426372526014612,0.8883983325407092,0.00641168062010055,0.011682204700944289,0.8787578494189542,0.05657760490033828,0.00641696260714239,0.025980762151186783,0.006855553812471694,0.005443498487178313,0.005224093774981216,0.0072692848924045825,142
scp_soft_full,123,C4_family_affine,0.013026968301644366,0.002426372526014612,0.8883983325407092,0.012999166207853794,0.012169408768172796,0.8787578494189542,0.05657760490033828,0.00641696260714239,0.05448461182017594,0.015123839601228286,0.00849900782488963,0.010860384450458683,0.018359576530198606,10
scp_soft_full,123,C5_isotonic,0.0030654277354464432,0.0034441951300590024,0.9037543601813242,0.006768932257088563,0.011846188116848845,0.8655414339147958,0.019417943059882314,0.008607090574990539,0.01896477139002394,0.006697249469468433,0.005994132700633499,0.006769436033190659,0.007089840144539758,200
scp_soft_full,2024,C0_raw,0.01379959697403919,0.002426372526014612,0.8860912387767738,0.014299684384264454,0.012529734781951692,0.8810849779959699,0.08276176710950281,0.012972019844931786,0.13049600856316626,0.015035948475856965,0.011022825952090719,0.009670980134752451,0.008298136491001463,0
scp_soft_full,2024,C1_temp_scalar,0.013799638862728397,0.002426372526014612,0.8860912387767738,0.014299712146662667,0.012529733977714643,0.8810849779959699,0.08276176710950281,0.012972019844931786,0.13049596333939376,0.015035909815216,0.011022944499697035,0.009670990371052353,0.008298091719826014,1
scp_soft_full,2024,C2_temp_per_label,0.01144211377578496,0.002426372526014612,0.8860912387767738,0.011737259205993035,0.012370367416184608,0.8810849779959699,0.08276176710950281,0.012972019844931786,0.12788887835082108,0.012408959615172521,0.006619525834560718,0.007981281222410442,0.00776314570333161,71
scp_soft_full,2024,C3_per_label_affine,0.005834949103869304,0.002426372526014612,0.8860912387767738,0.006660151345653844,0.011761817380986923,0.8810849779959699,0.08276176710950281,0.012972019844931786,0.021112131880755385,0.007698817934863451,0.0053432076335967645,0.005324728607874973,0.007544360581138065,142
scp_soft_full,2024,C4_family_affine,0.010232256118635732,0.002426372526014612,0.8860912387767738,0.010283063234591952,0.01203447666175913,0.8810849779959699,0.08276176710950281,0.012972019844931786,0.04731857106435449,0.0139185938299759,0.006061855874621461,0.00946319449064441,0.007938577464609912,10
scp_soft_full,2024,C5_isotonic,0.0028941933610293104,0.001960730366329544,0.9026473474260579,0.0071177230127524695,0.01187791440488995,0.8663002508456814,0.1598600722414014,0.015326235565408852,0.026263128781353912,0.008205745079196322,0.004341107865416473,0.006825954252485916,0.01067617379516207,200
soft,42,C0_raw,0.01084174312649247,0.002426372526014612,0.9234717363636004,0.011776809344801218,0.011061379604308441,0.9149350066193499,0.09996888758211434,0.008594010096224495,0.040603253754826985,0.010554308465197261,0.010238524511482903,0.011048043302770358,0.017884434344539353,0
soft,42,C1_temp_scalar,0.010063094391548308,0.002426372526014612,0.9234717363636004,0.01094951631733447,0.010951753259711997,0.9149350066193499,0.09996888758211434,0.008594010096224495,0.04246729057332687,0.009189635623387987,0.009502100022306578,0.011003465653465704,0.014575923690855036,1
soft,42,C2_temp_per_label,0.00847353708241542,0.002426372526014612,0.9234717363636004,0.009478777205317953,0.010843016403022706,0.9149350066193499,0.09996888758211434,0.008594010096224495,0.04362726652653445,0.00817281256782134,0.007075125376773256,0.010403752594286676,0.012063714396892276,71
soft,42,C3_per_label_affine,0.004408841812730189,0.002426372526014612,0.9234717363636004,0.006161555859091567,0.01053245531232489,0.9149350066193499,0.09996888758211434,0.008594010096224495,0.026757989818696565,0.006196151927417463,0.0049638440851466825,0.00517126766135531,0.00898171073152318,142
soft,42,C4_family_affine,0.009514500164980762,0.002426372526014612,0.9234717363636004,0.010186411561494113,0.010855665716682075,0.9149350066193499,0.09996888758211434,0.008594010096224495,0.0262532572168691,0.009808733157489334,0.009572149416853377,0.010081633166361058,0.0124237975060854,10
soft,42,C5_isotonic,0.002341505984643176,0.001750219143918898,0.9347245550703858,0.006432168629168694,0.010646740626931769,0.896174509776203,0.2011594485711661,0.009787774552723711,0.02392011042260603,0.006167262253308692,0.005554992502206543,0.005177985914367905,0.010093016085898996,200
soft,123,C0_raw,0.012663345841834489,0.002426372526014612,0.9210885254445069,0.013454494639369511,0.011260496548869662,0.9171883166857003,0.08959133316099957,0.007462319756787498,0.0726055399447831,0.01794389633230225,0.010662405913570427,0.008930895888465731,0.01290350054392302,0
soft,123,C1_temp_scalar,0.012793832770770239,0.002426372526014612,0.9210885129047434,0.013485412586641557,0.011119406670126727,0.917188303945894,0.08959133316099957,0.007462319756787498,0.06814749953838585,0.015613836531100314,0.01300039681154072,0.008718631676582291,0.0139132537844235,1
soft,123,C2_temp_per_label,0.010190825475551429,0.002426372526014612,0.9210885129047434,0.010926741364162018,0.010933596745047588,0.9171883166857003,0.08959133316099957,0.007462319756787498,0.06251104084352832,0.01195878807535716,0.010136300500751554,0.006618248048668638,0.012641821485652604,71
soft,123,C3_per_label_affine,0.004967577911667483,0.002426372526014612,0.9210885129047434,0.005386734506922719,0.010384781858137784,0.9171883166857003,0.08959133316099957,0.007462319756787498,0.018084623113381982,0.00657452181177318,0.0044857518154814,0.004739566482727226,0.00540830813340367,142
soft,123,C4_family_affine,0.007956954669807084,0.002426372526014612,0.9210885129047434,0.008010272263021657,0.010536907703875418,0.9171883166857003,0.08959133316099957,0.007462319756787498,0.020738018082678136,0.010726760684758136,0.005578371187344792,0.008492396339554228,0.005901974061652101,10
soft,123,C5_isotonic,0.0025656001144708208,0.0016442220184304285,0.9334116762010761,0.005566482513426239,0.01056351716206252,0.9031677620562342,0.115763178836834,0.006504334949432192,0.019150194959643815,0.005808443034641188,0.004734271522824333,0.00504315539580879,0.00595027702182215,200
soft,2024,C0_raw,0.012337188234318022,0.002426372526014612,0.9280813467902593,0.012677175566099895,0.011515727400391135,0.9149020019053737,0.08880163348068197,0.007359587955726471,0.08332979106013415,0.012767268385272906,0.009516034266256518,0.0111162405380777,0.0125700990758514,0
soft,2024,C1_temp_scalar,0.012613624439732959,0.002426372526014612,0.92808120692206,0.012418793693625904,0.011405846786269063,0.9149020019053737,0.08880163348068197,0.007359587955726471,0.08568462174450747,0.011055924621487011,0.00981141527655934,0.011701161454512292,0.011332672645131398,1
soft,2024,C2_temp_per_label,0.011748730851190745,0.002426372526014612,0.92808120692206,0.01200772999650036,0.011314378101023353,0.9149020019053737,0.08880163348068197,0.007359587955726471,0.09036648179118244,0.010339920930286869,0.008667078554312162,0.011560101459837317,0.011292411969533428,71
soft,2024,C3_per_label_affine,0.00533861261498296,0.002426372526014612,0.92808120692206,0.006160521662794088,0.010598498565517108,0.9149020019053737,0.08880163348068197,0.007359587955726471,0.02181891475266722,0.007053954942958584,0.005147029045760472,0.005087434204468171,0.007111285091103452,142
soft,2024,C4_family_affine,0.009349600706222797,0.002426372526014612,0.9280813467902593,0.00926072766075428,0.010923811250771675,0.9149020019053737,0.08880163348068197,0.007359587955726471,0.03033551016483112,0.011200475818524557,0.00687965811893404,0.009201049529990431,0.00823896441107109,10
soft,2024,C5_isotonic,0.002812198790406906,0.0021215106732348082,0.9382536994517183,0.006466339326115384,0.0107233445286722,0.9021109911200621,0.12345040262860675,0.008201873222846337,0.0227675786717587,0.007583883993741226,0.0055736700440663575,0.004624364692117942,0.00838436862911482,200
soft_parent_ord,42,C0_raw,0.01246111820788173,0.002426372526014612,0.8919815155553137,0.013341093090198021,0.011856724167416515,0.8753823222812037,0.07260963505225088,0.007631229512547872,0.07603635330406523,0.016341526885810746,0.009305889740569812,0.00994750876746891,0.01729152192317273,0
soft_parent_ord,42,C1_temp_scalar,0.012162281997229438,0.002426372526014612,0.8919815155553137,0.012486438133013814,0.011711836403481368,0.8753824127915063,0.07260963505225088,0.007631229512547872,0.05764288996641027,0.01393028165294593,0.010941776421601088,0.0097186528199991,0.015191809816890417,1
soft_parent_ord,42,C2_temp_per_label,0.008878241324829825,0.002426372526014612,0.8919815155553137,0.009748261571238297,0.011521263126311106,0.8753823222812037,0.07260963505225088,0.007631229512547872,0.04006622848678271,0.009616604295133495,0.00874505042972175,0.008358678622520705,0.012926656150318235,71
soft_parent_ord,42,C3_per_label_affine,0.0056473333531886685,0.002426372526014612,0.8919815155553137,0.006799355272851733,0.011290345355586363,0.8753823222812037,0.07260963505225088,0.007631229512547872,0.035172522039025794,0.007948642003627195,0.005451803090658243,0.0048410898903022215,0.007150784223519055,142
soft_parent_ord,42,C4_family_affine,0.010629138593468786,0.002426372526014612,0.8919815155553137,0.010617539117005957,0.0115287126369659,0.8753823222812037,0.07260963505225088,0.007631229512547872,0.04472638606120009,0.013181686769401964,0.007964945413065132,0.008279217292898395,0.013149934231132327,10
soft_parent_ord,42,C5_isotonic,0.0031578156247837304,0.001663635215359352,0.9066289404010739,0.006256014478143968,0.011438995999872834,0.8632395542728855,0.08838577928418907,0.009279297600644366,0.024413269524800642,0.0073923207183016005,0.005429212479744719,0.00401099226666638,0.00731582395591703,200
soft_parent_ord,123,C0_raw,0.010897866899854716,0.002426372526014612,0.888223877978575,0.010808053543766407,0.012120357081010539,0.8788255014313296,0.06266807228972333,0.009205333958737759,0.05499903293881342,0.014499722553251866,0.006481133459899019,0.007844450758060452,0.013948604215435123,0
soft_parent_ord,123,C1_temp_scalar,0.010636696479715435,0.002426372526014612,0.888223877978575,0.010810459058847553,0.012050314305847127,0.8788255014313296,0.06266807228972333,0.009205333958737759,0.05638979962302443,0.01275664427393695,0.006686491314176357,0.009887860489030838,0.012068642086058044,1
soft_parent_ord,123,C2_temp_per_label,0.008541823416246722,0.002426372526014612,0.888223877978575,0.008611058768936747,0.011918017110838286,0.8788255014313296,0.06266807228972333,0.009205333958737759,0.06066125183486945,0.009586056401858105,0.005208762021610704,0.007180024146428319,0.007975188378119433,71
soft_parent_ord,123,C3_per_label_affine,0.0062044975286860565,0.002426372526014612,0.888223877978575,0.006344421089237831,0.011752014331511799,0.8788255014313296,0.06266807228972333,0.009205333958737759,0.020226050073377216,0.007506729590209843,0.00492555306951049,0.005579786661609813,0.007167692035514362,142
soft_parent_ord,123,C4_family_affine,0.008922172964084683,0.002426372526014612,0.888223877978575,0.00896728309866338,0.011910165695309402,0.8788255014313296,0.06266807228972333,0.009205333958737759,0.030641186672542724,0.012866800900212609,0.006183361824174608,0.006402333705346345,0.01109481254276837,10
soft_parent_ord,123,C5_isotonic,0.0029822411301035287,0.0011904761904761862,0.9035567031676889,0.007420017449391269,0.0118302466757158,0.8678558831595343,0.1090909090909091,0.01264843710056962,0.023574575395819062,0.009324333114560253,0.005954853342112393,0.005881052341394806,0.009524399054634364,200
soft_parent_ord,2024,C0_raw,0.01326705379156658,0.002426372526014612,0.8815933334109325,0.014160193032866822,0.012595272924528248,0.8796108925164721,0.06007072078213511,0.007911839672694064,0.14456102277839075,0.01328625763148913,0.010777601743668194,0.00980258417335293,0.00898166659599461,0
soft_parent_ord,2024,C1_temp_scalar,0.01326712318134673,0.002426372526014612,0.8815933334109325,0.014160256859356136,0.01259527124852977,0.8796108925164721,0.06007072078213511,0.007911839672694064,0.1445608493243843,0.013286234713534024,0.010777861527639078,0.009802583214843574,0.008981561953905086,1
soft_parent_ord,2024,C2_temp_per_label,0.011222854124473644,0.002426372526014612,0.8815933334109325,0.012041558079880457,0.012445139051121098,0.8796108925164721,0.06007072078213511,0.007911839672694064,0.14184430565603892,0.010379257406488518,0.007445356622361055,0.009012415530986292,0.008048227898540613,71
soft_parent_ord,2024,C3_per_label_affine,0.0056588628162217575,0.002426372526014612,0.8815933334109325,0.006763661808102069,0.011802383327746678,0.8796108925164721,0.06007072078213511,0.007911839672694064,0.01957971804219015,0.00831030449175835,0.005938870329509043,0.005301502422740268,0.0074139910328222995,142
soft_parent_ord,2024,C4_family_affine,0.009547117712694161,0.002426372526014612,0.8815933334109325,0.009991173732119439,0.012007853567401734,0.8796108925164721,0.06007072078213511,0.007911839672694064,0.044431182786925136,0.011594432549726278,0.006728616005316636,0.009919014853955755,0.008161525635585407,10
soft_parent_ord,2024,C5_isotonic,0.003392593150804461,0.002434759214420231,0.897306127717294,0.006722307778690523,0.011957671500921155,0.8655223355791458,0.01955451955451955,0.006882044392979163,0.015464884423065218,0.008372266563937773,0.00543495307665045,0.005901392464065406,0.008490662888518482,200
ecgfm_linprobe,42,C0_raw,0.015536658070523134,0.002426372526014612,0.9096097049991061,0.016659105659295192,0.012344136152841636,0.9084895280192862,0.07044165878736322,0.01016794995209295,0.1181339403032372,0.015195967471175485,0.014030647708909506,0.011429211158285438,0.022012658673872962,0
ecgfm_linprobe,42,C1_temp_scalar,0.013563998980277703,0.002426372526014612,0.9096086497281646,0.01342549978765684,0.011296685478404277,0.908489426100837,0.07044165878736322,0.01016794995209295,0.07703979256878518,0.01189043497184241,0.012618562233408896,0.009203897706488225,0.018446373273207826,1
ecgfm_linprobe,42,C2_temp_per_label,0.010678415711126387,0.002426372526014612,0.9096086622679282,0.010956512845848981,0.010934081550089321,0.908489426100837,0.07044165878736322,0.01016794995209295,0.06615232966797471,0.008985425901192366,0.009394549362591318,0.008290759879931421,0.016141842025305875,71
ecgfm_linprobe,42,C3_per_label_affine,0.0059179626048311024,0.002426372526014612,0.9096086622679282,0.006899428452996442,0.01045714955344659,0.908489426100837,0.07044165878736322,0.01016794995209295,0.023409487828271236,0.008153559110730069,0.005991971837559104,0.0063435253544111055,0.006370920336396985,142
ecgfm_linprobe,42,C4_family_affine,0.011117274812307374,0.002426372526014612,0.9096086622679282,0.010965767762431775,0.010770271842965,0.908489426100837,0.07044165878736322,0.01016794995209295,0.04976239045220951,0.011650012890891782,0.009994713817100034,0.008417499955062897,0.012179663364306387,10
ecgfm_linprobe,42,C5_isotonic,0.002541158908981944,0.002602595685936168,0.9242817647215359,0.006069150378181844,0.010547873937990514,0.8959368372645171,0.11639354928048048,0.006158130203330739,0.017744535083896926,0.008196515594374391,0.004966411406962181,0.004474591171539672,0.007262357743145795,200
