seed,subgroup_type,subgroup,n,macro_ece
42,sex,male,1132,0.008180645162018035
42,sex,female,1066,0.009887581869713806
42,age,young,749,0.010970084640509806
42,age,mid,763,0.011932038274637832
42,age,old,686,0.01603035187656722
42,all,all,2198,0.0060568594450135065
123,sex,male,1132,0.008453226693345705
123,sex,female,1066,0.009292286199721458
123,age,young,749,0.00975801487953247
123,age,mid,763,0.0116429487349168
123,age,old,686,0.015494680122451513
123,all,all,2198,0.005794378183073757
2024,sex,male,1132,0.008238233573727627
2024,sex,female,1066,0.008385722207206878
2024,age,young,749,0.013080862705239824
2024,age,mid,763,0.011296493010948979
2024,age,old,686,0.01442381199756311
2024,all,all,2198,0.005533778470849679
