backbone,seed,calibrator,macro_ece,macro_brier,calib_slope_mean,calib_intercept_mean,macro_auc,n_excluded_ece,n_params,sens0.90_gap_sens,sens0.90_gap_spec,sens0.90_excluded,sens0.80_gap_sens,sens0.80_gap_spec,sens0.80_excluded,sens0.95_gap_sens,sens0.95_gap_spec,sens0.95_excluded
simpleresnet1d_hard_bce,42,C0_raw,0.013740828737844726,0.01134393756101355,0.8264570122048358,-0.44769073059387826,0.9123768603030835,33,0,0.10324689910780287,0.0098907737201861,53,0.08835396483134242,0.007317293903752154,51,0.034673463769239105,0.01078319803062324,53
simpleresnet1d_hard_bce,42,C1_temp_scalar,0.013276958222586758,0.011192643915730242,1.0244721795195337,-0.337621945476244,0.9123768603030835,33,1,0.10324689910780287,0.0098907737201861,53,0.08835396483134242,0.007317293903752154,51,0.034673463769239105,0.01078319803062324,53
simpleresnet1d_hard_bce,42,C2_temp_per_label,0.01051299314755881,0.01100254648202608,1.0543872253588409,-0.353462288239203,0.9123768603030835,33,71,0.10324689910780287,0.0098907737201861,53,0.08835396483134242,0.007317293903752154,51,0.034673463769239105,0.01078319803062324,53
simpleresnet1d_hard_bce,42,C3_per_label_affine,0.005998460531188335,0.01054963785373118,1.0959609150264829,-0.11564811971818718,0.9123768603030835,33,142,0.10324689910780287,0.0098907737201861,53,0.08835396483134242,0.007317293903752154,51,0.034673463769239105,0.01078319803062324,53
simpleresnet1d_hard_bce,42,C4_family_affine,0.010766006693222117,0.010887884617284273,1.1454776038163579,0.11738219979173499,0.9123768603030835,33,10,0.10324689910780287,0.0098907737201861,53,0.08835396483134242,0.007317293903752154,51,0.034673463769239105,0.01078319803062324,53
simpleresnet1d_hard_bce,42,C5_isotonic,0.006056859435138471,0.010680945073590367,0.8944257083410543,-0.7022389638622394,0.9003500411335342,33,200,0.1752985332424585,0.010806709496755138,64,0.04258910432433638,0.005828777835758821,65,0.039765243351741274,0.009221105425208034,65
simpleresnet1d_hard_bce,123,C0_raw,0.012793446963083169,0.011272014787458798,0.7073258320366783,-0.6529281409367576,0.9208990654402028,33,0,0.06940057736818192,0.009260953992391059,53,0.08703547610102817,0.005668445780420706,51,0.025846920403481886,0.007417800662140196,53
simpleresnet1d_hard_bce,123,C1_temp_scalar,0.012381838774315826,0.011155025272100659,0.9169482427713214,-0.5405449122788866,0.9208991405250185,33,1,0.06940057736818192,0.009260953992391059,53,0.08703547610102817,0.005668445780420706,51,0.025846920403481886,0.007417800662140196,53
simpleresnet1d_hard_bce,123,C2_temp_per_label,0.010762152448772253,0.011014520696688916,0.9556202502278712,-0.5539457471273357,0.920899365779466,33,71,0.06940057736818192,0.009260953992391059,53,0.08703547610102817,0.005668445780420706,51,0.025846920403481886,0.007417800662140196,53
simpleresnet1d_hard_bce,123,C3_per_label_affine,0.005638755836863184,0.010495667627033835,1.0704488275968402,-0.04922280699287134,0.920899365779466,33,142,0.06940057736818192,0.009260953992391059,53,0.08703547610102817,0.005668445780420706,51,0.025846920403481886,0.007417800662140196,53
simpleresnet1d_hard_bce,123,C4_family_affine,0.01048164717496097,0.01082901389500549,1.085026535818562,0.05117706737696018,0.920899365779466,33,10,0.06940057736818192,0.009260953992391059,53,0.08703547610102817,0.005668445780420706,51,0.025846920403481886,0.007417800662140196,53
simpleresnet1d_hard_bce,123,C5_isotonic,0.005794378341674457,0.010632507022952202,0.7531420926928686,-0.7958182912858935,0.9036921036909612,33,200,0.11489097322430657,0.007550015312161072,64,0.20054563492063493,0.006887464886020239,67,0.036894586894586884,0.0031533978607613533,67
simpleresnet1d_hard_bce,2024,C0_raw,0.014650440320854125,0.011415541704728239,1.1624492336499501,0.10697873697779055,0.9212079174980122,33,0,0.05831065381111153,0.008555356702613546,53,0.07756980268006852,0.007005358903311426,51,0.0355883529409248,0.008546114666180143,53
simpleresnet1d_hard_bce,2024,C1_temp_scalar,0.015074334252474678,0.011413940561580958,1.226633486236902,0.1424003820908703,0.9212078762033281,33,1,0.05831065381111153,0.008555356702613546,53,0.07756980268006852,0.007005358903311426,51,0.0355883529409248,0.008546114666180143,53
simpleresnet1d_hard_bce,2024,C2_temp_per_label,0.010674014653146074,0.011124947284417395,1.1411780113823085,-0.01355362778033185,0.9212078762033281,33,71,0.05831065381111153,0.008555356702613546,53,0.07756980268006852,0.007005358903311426,51,0.0355883529409248,0.008546114666180143,53
simpleresnet1d_hard_bce,2024,C3_per_label_affine,0.005593758793500222,0.010611466392902455,1.2015466681386167,0.3049658128894518,0.9212079174980122,33,142,0.05831065381111153,0.008555356702613546,53,0.07756980268006852,0.007005358903311426,51,0.0355883529409248,0.008546114666180143,53
simpleresnet1d_hard_bce,2024,C4_family_affine,0.011646569385736464,0.011082048023842979,1.2977687396676771,0.5784901087104046,0.9212079174980122,33,10,0.05831065381111153,0.008555356702613546,53,0.07756980268006852,0.007005358903311426,51,0.0355883529409248,0.008546114666180143,53
simpleresnet1d_hard_bce,2024,C5_isotonic,0.005533778626853132,0.010715127981004309,0.7444323955601435,-0.8319754986129058,0.909514105595237,33,200,0.08496605626619257,0.008626633038494091,61,0.11705444761000318,0.007567062136671428,65,0.03160433964680689,0.009088523627633677,57
ecgfm_linprobe,42,C0_raw,0.016659105659295192,0.012344136152841636,0.4059783600612496,-1.039613451516113,0.9084895280192862,33,0,0.07044165878736322,0.01016794995209295,53,0.07485815022496249,0.007278561492743635,51,0.029860838831881453,0.01220652342477977,53
ecgfm_linprobe,42,C1_temp_scalar,0.01342549978765684,0.011296685478404277,0.9027014025451061,-0.5876684078560035,0.908489426100837,33,1,0.07044165878736322,0.01016794995209295,53,0.07485815022496249,0.007278561492743635,51,0.029860838831881453,0.01220652342477977,53
ecgfm_linprobe,42,C2_temp_per_label,0.010956512845848981,0.010934081550089321,0.9560611237707978,-0.6545946359253205,0.908489426100837,33,71,0.07044165878736322,0.01016794995209295,53,0.07485815022496249,0.007278561492743635,51,0.029860838831881453,0.01220652342477977,53
ecgfm_linprobe,42,C3_per_label_affine,0.006899428452996442,0.01045714955344659,1.1143784015570122,0.08230919691213966,0.908489426100837,33,142,0.07044165878736322,0.01016794995209295,53,0.07485815022496249,0.007278561492743635,51,0.029860838831881453,0.01220652342477977,53
ecgfm_linprobe,42,C4_family_affine,0.010965767762431775,0.010770271842965,1.159912263026589,0.22018973072517464,0.908489426100837,33,10,0.07044165878736322,0.01016794995209295,53,0.07485815022496249,0.007278561492743635,51,0.029860838831881453,0.01220652342477977,53
ecgfm_linprobe,42,C5_isotonic,0.006069150378181844,0.010547873937990514,0.8043583904297071,-0.8631660474335374,0.8959368372645171,33,200,0.11639354928048048,0.006158130203330739,63,0.078628844125284,0.005083819474761442,63,0.041015306919288515,0.015464560683556847,64
