method,seed,calibrator,labelwise_ece,sens_gap_0.90,spec_gap_0.90,excluded_0.90,sens_gap_0.80,spec_gap_0.80,excluded_0.80,sens_gap_0.95,spec_gap_0.95,excluded_0.95
hard_bce,42,C0_raw,0.013740828737844726,0.10324689910780287,0.0098907737201861,53,0.08835396483134242,0.007317293903752154,51,0.034673463769239105,0.01078319803062324,53
hard_bce,42,C1_temp_scalar,0.013276958222586758,0.10324689910780287,0.0098907737201861,53,0.08835396483134242,0.007317293903752154,51,0.034673463769239105,0.01078319803062324,53
hard_bce,42,C2_temp_per_label,0.01051299314755881,0.10324689910780287,0.0098907737201861,53,0.08835396483134242,0.007317293903752154,51,0.034673463769239105,0.01078319803062324,53
hard_bce,42,C3_per_label_affine,0.005998460531188335,0.10324689910780287,0.0098907737201861,53,0.08835396483134242,0.007317293903752154,51,0.034673463769239105,0.01078319803062324,53
hard_bce,42,C4_family_affine,0.010766006693222117,0.10324689910780287,0.0098907737201861,53,0.08835396483134242,0.007317293903752154,51,0.034673463769239105,0.01078319803062324,53
hard_bce,42,C5_isotonic,0.006056859435138471,0.1752985332424585,0.010806709496755138,64,0.04258910432433638,0.005828777835758821,65,0.039765243351741274,0.009221105425208034,65
hard_bce,123,C0_raw,0.012793446963083169,0.06940057736818192,0.009260953992391059,53,0.08703547610102817,0.005668445780420706,51,0.025846920403481886,0.007417800662140196,53
hard_bce,123,C1_temp_scalar,0.012381838774315826,0.06940057736818192,0.009260953992391059,53,0.08703547610102817,0.005668445780420706,51,0.025846920403481886,0.007417800662140196,53
hard_bce,123,C2_temp_per_label,0.010762152448772253,0.06940057736818192,0.009260953992391059,53,0.08703547610102817,0.005668445780420706,51,0.025846920403481886,0.007417800662140196,53
hard_bce,123,C3_per_label_affine,0.005638755836863184,0.06940057736818192,0.009260953992391059,53,0.08703547610102817,0.005668445780420706,51,0.025846920403481886,0.007417800662140196,53
hard_bce,123,C4_family_affine,0.01048164717496097,0.06940057736818192,0.009260953992391059,53,0.08703547610102817,0.005668445780420706,51,0.025846920403481886,0.007417800662140196,53
hard_bce,123,C5_isotonic,0.005794378341674457,0.11489097322430657,0.007550015312161072,64,0.20054563492063493,0.006887464886020239,67,0.036894586894586884,0.0031533978607613533,67
hard_bce,2024,C0_raw,0.014650440320854125,0.05831065381111153,0.008555356702613546,53,0.07756980268006852,0.007005358903311426,51,0.0355883529409248,0.008546114666180143,53
hard_bce,2024,C1_temp_scalar,0.015074334252474678,0.05831065381111153,0.008555356702613546,53,0.07756980268006852,0.007005358903311426,51,0.0355883529409248,0.008546114666180143,53
hard_bce,2024,C2_temp_per_label,0.010674014653146074,0.05831065381111153,0.008555356702613546,53,0.07756980268006852,0.007005358903311426,51,0.0355883529409248,0.008546114666180143,53
hard_bce,2024,C3_per_label_affine,0.005593758793500222,0.05831065381111153,0.008555356702613546,53,0.07756980268006852,0.007005358903311426,51,0.0355883529409248,0.008546114666180143,53
hard_bce,2024,C4_family_affine,0.011646569385736464,0.05831065381111153,0.008555356702613546,53,0.07756980268006852,0.007005358903311426,51,0.0355883529409248,0.008546114666180143,53
hard_bce,2024,C5_isotonic,0.005533778626853132,0.08496605626619257,0.008626633038494091,61,0.11705444761000318,0.007567062136671428,65,0.03160433964680689,0.009088523627633677,57
asl,42,C0_raw,0.12815195033180493,0.07547372924797877,0.010695313239863696,53,0.07819317769413557,0.009235535010101747,51,0.02069481404259533,0.009954821085378256,53
asl,42,C1_temp_scalar,0.03126551435026232,0.07547372924797877,0.010695313239863696,53,0.07819317769413557,0.009235535010101747,51,0.02069481404259533,0.009954821085378256,53
asl,42,C2_temp_per_label,0.019679797046974236,0.07547372924797877,0.010695313239863696,53,0.07819317769413557,0.009235535010101747,51,0.02069481404259533,0.009954821085378256,53
asl,42,C3_per_label_affine,0.010038986832788494,0.07547372924797877,0.010695313239863696,53,0.07819317769413557,0.009235535010101747,51,0.02069481404259533,0.009954821085378256,53
asl,42,C4_family_affine,0.017079933115547268,0.07547372924797877,0.010695313239863696,53,0.07819317769413557,0.009235535010101747,51,0.02069481404259533,0.009954821085378256,53
asl,42,C5_isotonic,0.006252004371554089,0.10386904761904765,0.011461466705502854,64,0.0976923076923077,0.011013760343240597,66,0.022420866396608438,0.011087593709544917,62
asl,123,C0_raw,0.14991033962768877,0.07445558867200543,0.008050390632527956,53,0.09048051075417685,0.008103815725028779,51,0.04265961325377406,0.008167126706413766,53
asl,123,C1_temp_scalar,0.03311496779202011,0.07445558867200543,0.008050390632527956,53,0.09048051075417685,0.008103815725028779,51,0.04265961325377406,0.008167126706413766,53
asl,123,C2_temp_per_label,0.020812640274457613,0.07445558867200543,0.008050390632527956,53,0.09048051075417685,0.008103815725028779,51,0.04265961325377406,0.008167126706413766,53
asl,123,C3_per_label_affine,0.01107453268091975,0.07445558867200543,0.008050390632527956,53,0.09048051075417685,0.008103815725028779,51,0.04265961325377406,0.008167126706413766,53
asl,123,C4_family_affine,0.015642814520251683,0.07445558867200543,0.008050390632527956,53,0.09048051075417685,0.008103815725028779,51,0.04265961325377406,0.008167126706413766,53
asl,123,C5_isotonic,0.006187968174886109,0.08247130313102537,0.008294034564962027,62,0.10398076245955251,0.00815224886883595,60,0.08562231805813965,0.009389497725075902,66
asl,2024,C0_raw,0.13767349393694697,0.08354008025734265,0.009043340467750759,53,0.08501105281048657,0.007179757178948953,51,0.029541986819832444,0.00826971410863251,53
asl,2024,C1_temp_scalar,0.03630892481113012,0.08354008025734265,0.009043340467750759,53,0.08501105281048657,0.007179757178948953,51,0.029541986819832444,0.00826971410863251,53
asl,2024,C2_temp_per_label,0.024036198229248747,0.08354008025734265,0.009043340467750759,53,0.08501105281048657,0.007179757178948953,51,0.029541986819832444,0.00826971410863251,53
asl,2024,C3_per_label_affine,0.010292845250732124,0.08354008025734265,0.009043340467750759,53,0.08501105281048657,0.007179757178948953,51,0.029541986819832444,0.00826971410863251,53
asl,2024,C4_family_affine,0.01421783212893276,0.08354008025734265,0.009043340467750759,53,0.08501105281048657,0.007179757178948953,51,0.029541986819832444,0.00826971410863251,53
asl,2024,C5_isotonic,0.006722823161593572,0.14332257139536186,0.010867542435531896,63,0.13425615359026574,0.006652419746425752,64,0.03285932527424699,0.011201466457226564,65
focal,42,C0_raw,0.06365970257541062,0.06536723573163483,0.009300073454918551,53,0.12024628776558499,0.007948485526177534,51,0.030906184739625236,0.012838769017922358,53
focal,42,C1_temp_scalar,0.016286371692623137,0.06536723573163483,0.009300073454918551,53,0.12024628776558499,0.007948485526177534,51,0.030906184739625236,0.012838769017922358,53
focal,42,C2_temp_per_label,0.011799993929154814,0.06536723573163483,0.009300073454918551,53,0.12024628776558499,0.007948485526177534,51,0.030906184739625236,0.012838769017922358,53
focal,42,C3_per_label_affine,0.006401763774698125,0.06536723573163483,0.009300073454918551,53,0.12024628776558499,0.007948485526177534,51,0.030906184739625236,0.012838769017922358,53
focal,42,C4_family_affine,0.011116933985634148,0.06536723573163483,0.009300073454918551,53,0.12024628776558499,0.007948485526177534,51,0.030906184739625236,0.012838769017922358,53
focal,42,C5_isotonic,0.006470704246702366,0.0655618686868687,0.00988228152734294,65,0.20379546105792212,0.008566984059956139,62,0.03922616870933729,0.009223187052538676,63
focal,123,C0_raw,0.07168339299102823,0.09042745434045057,0.009951107540134781,53,0.09306537807197357,0.007077965754884313,51,0.022856869020059338,0.008877848316231897,53
focal,123,C1_temp_scalar,0.017271631544993088,0.09042745434045057,0.009951107540134781,53,0.09306537807197357,0.007077965754884313,51,0.022856869020059338,0.008877848316231897,53
focal,123,C2_temp_per_label,0.010904957778558332,0.09042745434045057,0.009951107540134781,53,0.09306537807197357,0.007077965754884313,51,0.022856869020059338,0.008877848316231897,53
focal,123,C3_per_label_affine,0.006450527708223312,0.09042745434045057,0.009951107540134781,53,0.09306537807197357,0.007077965754884313,51,0.022856869020059338,0.008877848316231897,53
focal,123,C4_family_affine,0.012960655865358418,0.09042745434045057,0.009951107540134781,53,0.09306537807197357,0.007077965754884313,51,0.022856869020059338,0.008877848316231897,53
focal,123,C5_isotonic,0.006577941602468342,0.13711624996671726,0.011656856332689999,65,0.12544619678089308,0.003249454478551128,67,0.03641317763350378,0.009483847515603598,63
focal,2024,C0_raw,0.06001146988515411,0.07595649611415481,0.010609148041742851,53,0.07750593427293331,0.007215296610401339,51,0.039306665444599626,0.01091399534810306,53
focal,2024,C1_temp_scalar,0.021994248506714602,0.07595649611415481,0.010609148041742851,53,0.07750593427293331,0.007215296610401339,51,0.039306665444599626,0.01091399534810306,53
focal,2024,C2_temp_per_label,0.01628895075322579,0.07595649611415481,0.010609148041742851,53,0.07750593427293331,0.007215296610401339,51,0.039306665444599626,0.01091399534810306,53
focal,2024,C3_per_label_affine,0.00643914016937284,0.07595649611415481,0.010609148041742851,53,0.07750593427293331,0.007215296610401339,51,0.039306665444599626,0.01091399534810306,53
focal,2024,C4_family_affine,0.014938417745275606,0.07595649611415481,0.010609148041742851,53,0.07750593427293331,0.007215296610401339,51,0.039306665444599626,0.01091399534810306,53
focal,2024,C5_isotonic,0.0060186750458650065,0.04047953730099367,0.009095763642611804,63,0.09515669515669518,0.006703540835170181,68,0.03624919992197735,0.009668181893786834,63
label_smooth,42,C0_raw,0.09605082503343018,0.06430023759546977,0.007768489867118496,53,0.06342689462545734,0.008805572608586481,51,0.03611610728633677,0.010207185210702055,53
label_smooth,42,C1_temp_scalar,0.0192960914663295,0.06430023759546977,0.007768489867118496,53,0.06342689462545734,0.008805572608586481,51,0.03611610728633677,0.010207185210702055,53
label_smooth,42,C2_temp_per_label,0.013808423642016565,0.06430023759546977,0.007768489867118496,53,0.06342689462545734,0.008805572608586481,51,0.03611610728633677,0.010207185210702055,53
label_smooth,42,C3_per_label_affine,0.012270610089610725,0.06430023759546977,0.007768489867118496,53,0.06342689462545734,0.008805572608586481,51,0.03611610728633677,0.010207185210702055,53
label_smooth,42,C4_family_affine,0.018346712711048305,0.06430023759546977,0.007768489867118496,53,0.06342689462545734,0.008805572608586481,51,0.03611610728633677,0.010207185210702055,53
label_smooth,42,C5_isotonic,0.006617948108518369,0.07050161676329902,0.007398849530440732,63,0.1777777777777778,0.006802867659376359,68,0.044377239237052314,0.007843709132137904,64
label_smooth,123,C0_raw,0.09735323505750058,0.07443139029569484,0.01045370885558269,53,0.08426833163165108,0.008864513467555568,51,0.02091709422538771,0.009310796948692577,53
label_smooth,123,C1_temp_scalar,0.017023678201814753,0.07443139029569484,0.01045370885558269,53,0.08426833163165108,0.008864513467555568,51,0.02091709422538771,0.009310796948692577,53
label_smooth,123,C2_temp_per_label,0.01310250170537811,0.07443139029569484,0.01045370885558269,53,0.08426833163165108,0.008864513467555568,51,0.02091709422538771,0.009310796948692577,53
label_smooth,123,C3_per_label_affine,0.0131026312763228,0.07443139029569484,0.01045370885558269,53,0.08426833163165108,0.008864513467555568,51,0.02091709422538771,0.009310796948692577,53
label_smooth,123,C4_family_affine,0.01612915148246379,0.07443139029569484,0.01045370885558269,53,0.08426833163165108,0.008864513467555568,51,0.02091709422538771,0.009310796948692577,53
label_smooth,123,C5_isotonic,0.006271057762306967,0.13775043229157155,0.016167921933673637,64,0.13756613756613761,0.011294593742116565,66,0.021431964074369092,0.008292587024501495,63
label_smooth,2024,C0_raw,0.10078604980626342,0.05210234918044513,0.010270387524343708,53,0.05582828347179669,0.006516168350902374,51,0.032003192805667206,0.009824809554371334,53
label_smooth,2024,C1_temp_scalar,0.019903314906070023,0.05210234918044513,0.010270387524343708,53,0.05582828347179669,0.006516168350902374,51,0.032003192805667206,0.009824809554371334,53
label_smooth,2024,C2_temp_per_label,0.014707051085131201,0.05210234918044513,0.010270387524343708,53,0.05582828347179669,0.006516168350902374,51,0.032003192805667206,0.009824809554371334,53
label_smooth,2024,C3_per_label_affine,0.01222699244942268,0.05210234918044513,0.010270387524343708,53,0.05582828347179669,0.006516168350902374,51,0.032003192805667206,0.009824809554371334,53
label_smooth,2024,C4_family_affine,0.016751936160746207,0.05210234918044513,0.010270387524343708,53,0.05582828347179669,0.006516168350902374,51,0.032003192805667206,0.009824809554371334,53
label_smooth,2024,C5_isotonic,0.006465586358728398,0.06664111351611351,0.00664732031414204,65,0.03152661016479441,0.007911543318458383,64,0.04055390939374591,0.010100699842025631,63
chmc_coh,42,C0_raw,0.02219475028555936,0.10213091638918949,0.00957011503846856,53,0.08637787642223221,0.007374968568222101,51,0.03509460141779108,0.009784935858865446,53
chmc_coh,42,C1_temp_scalar,0.021230746892375637,0.10213091638918949,0.00957011503846856,53,0.08637787642223221,0.007374968568222101,51,0.03509460141779108,0.009784935858865446,53
chmc_coh,42,C2_temp_per_label,0.015817804366065547,0.10213091638918949,0.00957011503846856,53,0.08637787642223221,0.007374968568222101,51,0.03509460141779108,0.009784935858865446,53
chmc_coh,42,C3_per_label_affine,0.009280768558615708,0.10213091638918949,0.00957011503846856,53,0.08637787642223221,0.007374968568222101,51,0.03509460141779108,0.009784935858865446,53
chmc_coh,42,C4_family_affine,0.016705808485436797,0.10213091638918949,0.00957011503846856,53,0.08637787642223221,0.007374968568222101,51,0.03509460141779108,0.009784935858865446,53
chmc_coh,42,C5_isotonic,0.00587880649856646,0.1570899202908549,0.009513740054345535,63,0.05149311029453432,0.004945849195124488,63,0.03588689750576489,0.009186954896126445,64
chmc_coh,123,C0_raw,0.02406717350317377,0.06840012053447925,0.009238163788321338,53,0.09352903964919104,0.00629242709654157,51,0.027019952209950873,0.0076864560229085565,53
chmc_coh,123,C1_temp_scalar,0.022218001903830525,0.06840012053447925,0.009238163788321338,53,0.09352903964919104,0.00629242709654157,51,0.027019952209950873,0.0076864560229085565,53
chmc_coh,123,C2_temp_per_label,0.017227886611229485,0.06840012053447925,0.009238163788321338,53,0.09352903964919104,0.00629242709654157,51,0.027019952209950873,0.0076864560229085565,53
chmc_coh,123,C3_per_label_affine,0.0088861956507751,0.06840012053447925,0.009238163788321338,53,0.09352903964919104,0.00629242709654157,51,0.027019952209950873,0.0076864560229085565,53
chmc_coh,123,C4_family_affine,0.017750798223671455,0.06840012053447925,0.009238163788321338,53,0.09352903964919104,0.00629242709654157,51,0.027019952209950873,0.0076864560229085565,53
chmc_coh,123,C5_isotonic,0.006161137491516484,0.11489097322430657,0.007620736670011142,64,0.17722663139329808,0.005891023585767608,66,0.04487179487179486,0.004082957892828236,68
chmc_coh,2024,C0_raw,0.01768286737573596,0.06289866373883209,0.008958670972544448,53,0.06721882309982123,0.006756419957588677,51,0.03189821591745443,0.0083513804325931,53
chmc_coh,2024,C1_temp_scalar,0.017917047559345197,0.06289866373883209,0.008958670972544448,53,0.06721882309982123,0.006756419957588677,51,0.03189821591745443,0.0083513804325931,53
chmc_coh,2024,C2_temp_per_label,0.014133966815418281,0.06289866373883209,0.008958670972544448,53,0.06721882309982123,0.006756419957588677,51,0.03189821591745443,0.0083513804325931,53
chmc_coh,2024,C3_per_label_affine,0.006627185215320386,0.06289866373883209,0.008958670972544448,53,0.06721882309982123,0.006756419957588677,51,0.03189821591745443,0.0083513804325931,53
chmc_coh,2024,C4_family_affine,0.01498244843977911,0.06289866373883209,0.008958670972544448,53,0.06721882309982123,0.006756419957588677,51,0.03189821591745443,0.0083513804325931,53
chmc_coh,2024,C5_isotonic,0.005646735907173552,0.0903447789545715,0.008466777132865465,62,0.18333333333333335,0.00989297184622473,68,0.028498671775174948,0.009555476633532465,58
scp_soft_full,42,C0_raw,0.011057674756986989,0.07937703329199731,0.011875600958775965,53,0.05728251738436867,0.006703548561142819,51,0.04387784674606544,0.011511207512175263,53
scp_soft_full,42,C1_temp_scalar,0.010882122949133136,0.07937703329199731,0.011875600958775965,53,0.05728251738436867,0.006703548561142819,51,0.04387784674606544,0.011511207512175263,53
scp_soft_full,42,C2_temp_per_label,0.009009122602460713,0.07937703329199731,0.011875600958775965,53,0.05728251738436867,0.006703548561142819,51,0.04387784674606544,0.011511207512175263,53
scp_soft_full,42,C3_per_label_affine,0.0066613529231336725,0.07937703329199731,0.011875600958775965,53,0.05728251738436867,0.006703548561142819,51,0.04387784674606544,0.011511207512175263,53
scp_soft_full,42,C4_family_affine,0.009732114938927623,0.07937703329199731,0.011875600958775965,53,0.05728251738436867,0.006703548561142819,51,0.04387784674606544,0.011511207512175263,53
scp_soft_full,42,C5_isotonic,0.007246495667784533,0.14137723145213785,0.00939563239682036,65,0.007476635514018726,0.011404083092932393,69,0.04161180215469825,0.014451734236686997,68
scp_soft_full,123,C0_raw,0.015285326352579228,0.05657760490033828,0.00641696260714239,53,0.09619240376991282,0.0051447770537924094,51,0.032350367990083916,0.00740270906679271,53
scp_soft_full,123,C1_temp_scalar,0.015667941480020292,0.05657760490033828,0.00641696260714239,53,0.09619240376991282,0.0051447770537924094,51,0.032350367990083916,0.00740270906679271,53
scp_soft_full,123,C2_temp_per_label,0.011550306609082616,0.05657760490033828,0.00641696260714239,53,0.09619240376991282,0.0051447770537924094,51,0.032350367990083916,0.00740270906679271,53
scp_soft_full,123,C3_per_label_affine,0.00641168062010055,0.05657760490033828,0.00641696260714239,53,0.09619240376991282,0.0051447770537924094,51,0.032350367990083916,0.00740270906679271,53
scp_soft_full,123,C4_family_affine,0.012999166207853794,0.05657760490033828,0.00641696260714239,53,0.09619240376991282,0.0051447770537924094,51,0.032350367990083916,0.00740270906679271,53
scp_soft_full,123,C5_isotonic,0.006768932257088563,0.019417943059882314,0.008607090574990539,68,0.21118572785239453,0.004520771653093392,65,0.08776371308016877,0.006815186633791585,68
scp_soft_full,2024,C0_raw,0.014299684384264454,0.08276176710950281,0.012972019844931786,53,0.08018980045918962,0.006563027663223475,51,0.025848385215613043,0.01076269766777041,53
scp_soft_full,2024,C1_temp_scalar,0.014299712146662667,0.08276176710950281,0.012972019844931786,53,0.08018980045918962,0.006563027663223475,51,0.025848385215613043,0.01076269766777041,53
scp_soft_full,2024,C2_temp_per_label,0.011737259205993035,0.08276176710950281,0.012972019844931786,53,0.08018980045918962,0.006563027663223475,51,0.025848385215613043,0.01076269766777041,53
scp_soft_full,2024,C3_per_label_affine,0.006660151345653844,0.08276176710950281,0.012972019844931786,53,0.08018980045918962,0.006563027663223475,51,0.025848385215613043,0.01076269766777041,53
scp_soft_full,2024,C4_family_affine,0.010283063234591952,0.08276176710950281,0.012972019844931786,53,0.08018980045918962,0.006563027663223475,51,0.025848385215613043,0.01076269766777041,53
scp_soft_full,2024,C5_isotonic,0.0071177230127524695,0.1598600722414014,0.015326235565408852,65,0.2384423676012461,0.013247258087075876,66,0.03297255516401084,0.010557829005640182,65
soft,42,C0_raw,0.011776809344801218,0.09996888758211434,0.008594010096224495,53,0.08427033881046327,0.005094333739384127,51,0.04397456202769474,0.012115228840320081,53
soft,42,C1_temp_scalar,0.01094951631733447,0.09996888758211434,0.008594010096224495,53,0.08427033881046327,0.005094333739384127,51,0.04397456202769474,0.012115228840320081,53
soft,42,C2_temp_per_label,0.009478777205317953,0.09996888758211434,0.008594010096224495,53,0.08427033881046327,0.005094333739384127,51,0.04397456202769474,0.012115228840320081,53
soft,42,C3_per_label_affine,0.006161555859091567,0.09996888758211434,0.008594010096224495,53,0.08427033881046327,0.005094333739384127,51,0.04397456202769474,0.012115228840320081,53
soft,42,C4_family_affine,0.010186411561494113,0.09996888758211434,0.008594010096224495,53,0.08427033881046327,0.005094333739384127,51,0.04397456202769474,0.012115228840320081,53
soft,42,C5_isotonic,0.006432168629168694,0.2011594485711661,0.009787774552723711,64,0.11613756613756615,0.005377072594325266,67,0.0505076715211061,0.011777330877083792,61
soft,123,C0_raw,0.013454494639369511,0.08959133316099957,0.007462319756787498,53,0.07591057188577492,0.007114242358437006,51,0.028509079567595144,0.011115795193337339,53
soft,123,C1_temp_scalar,0.013485412586641557,0.08959133316099957,0.007462319756787498,53,0.07591057188577492,0.007114242358437006,51,0.028509079567595144,0.011115795193337339,53
soft,123,C2_temp_per_label,0.010926741364162018,0.08959133316099957,0.007462319756787498,53,0.07591057188577492,0.007114242358437006,51,0.028509079567595144,0.011115795193337339,53
soft,123,C3_per_label_affine,0.005386734506922719,0.08959133316099957,0.007462319756787498,53,0.07591057188577492,0.007114242358437006,51,0.028509079567595144,0.011115795193337339,53
soft,123,C4_family_affine,0.008010272263021657,0.08959133316099957,0.007462319756787498,53,0.07591057188577492,0.007114242358437006,51,0.028509079567595144,0.011115795193337339,53
soft,123,C5_isotonic,0.005566482513426239,0.115763178836834,0.006504334949432192,64,0.09276785714285718,0.0099508848070478,66,0.03858610525277193,0.010274748273416179,65
soft,2024,C0_raw,0.012677175566099895,0.08880163348068197,0.007359587955726471,53,0.0780563631546942,0.007059225655073081,51,0.023872829682981846,0.009766349528271795,53
soft,2024,C1_temp_scalar,0.012418793693625904,0.08880163348068197,0.007359587955726471,53,0.0780563631546942,0.007059225655073081,51,0.023872829682981846,0.009766349528271795,53
soft,2024,C2_temp_per_label,0.01200772999650036,0.08880163348068197,0.007359587955726471,53,0.0780563631546942,0.007059225655073081,51,0.023872829682981846,0.009766349528271795,53
soft,2024,C3_per_label_affine,0.006160521662794088,0.08880163348068197,0.007359587955726471,53,0.0780563631546942,0.007059225655073081,51,0.023872829682981846,0.009766349528271795,53
soft,2024,C4_family_affine,0.00926072766075428,0.08880163348068197,0.007359587955726471,53,0.0780563631546942,0.007059225655073081,51,0.023872829682981846,0.009766349528271795,53
soft,2024,C5_isotonic,0.006466339326115384,0.12345040262860675,0.008201873222846337,63,0.24272963323596236,0.005044639882431423,66,0.02798484184994986,0.008858785732806702,61
soft_parent_ord,42,C0_raw,0.013341093090198021,0.07260963505225088,0.007631229512547872,53,0.08919095663853405,0.007968528344266913,51,0.029700156716846744,0.01051116899260057,53
soft_parent_ord,42,C1_temp_scalar,0.012486438133013814,0.07260963505225088,0.007631229512547872,53,0.08919095663853405,0.007968528344266913,51,0.029700156716846744,0.01051116899260057,53
soft_parent_ord,42,C2_temp_per_label,0.009748261571238297,0.07260963505225088,0.007631229512547872,53,0.08919095663853405,0.007968528344266913,51,0.029700156716846744,0.01051116899260057,53
soft_parent_ord,42,C3_per_label_affine,0.006799355272851733,0.07260963505225088,0.007631229512547872,53,0.08919095663853405,0.007968528344266913,51,0.029700156716846744,0.01051116899260057,53
soft_parent_ord,42,C4_family_affine,0.010617539117005957,0.07260963505225088,0.007631229512547872,53,0.08919095663853405,0.007968528344266913,51,0.029700156716846744,0.01051116899260057,53
soft_parent_ord,42,C5_isotonic,0.006256014478143968,0.08838577928418907,0.009279297600644366,63,0.15537918871252207,0.004687096648179631,64,0.02895514687840168,0.009874905512149812,62
soft_parent_ord,123,C0_raw,0.010808053543766407,0.06266807228972333,0.009205333958737759,53,0.08463143184787014,0.007752938719366648,51,0.023970642225772203,0.008846501405382864,53
soft_parent_ord,123,C1_temp_scalar,0.010810459058847553,0.06266807228972333,0.009205333958737759,53,0.08463143184787014,0.007752938719366648,51,0.023970642225772203,0.008846501405382864,53
soft_parent_ord,123,C2_temp_per_label,0.008611058768936747,0.06266807228972333,0.009205333958737759,53,0.08463143184787014,0.007752938719366648,51,0.023970642225772203,0.008846501405382864,53
soft_parent_ord,123,C3_per_label_affine,0.006344421089237831,0.06266807228972333,0.009205333958737759,53,0.08463143184787014,0.007752938719366648,51,0.023970642225772203,0.008846501405382864,53
soft_parent_ord,123,C4_family_affine,0.00896728309866338,0.06266807228972333,0.009205333958737759,53,0.08463143184787014,0.007752938719366648,51,0.023970642225772203,0.008846501405382864,53
soft_parent_ord,123,C5_isotonic,0.007420017449391269,0.1090909090909091,0.01264843710056962,67,0.15611619421143239,0.005993991556048485,64,0.023321962420507325,0.007839872402167816,65
soft_parent_ord,2024,C0_raw,0.014160193032866822,0.06007072078213511,0.007911839672694064,53,0.05293308709178346,0.00530409536448222,51,0.022065560320104857,0.011244710049397564,53
soft_parent_ord,2024,C1_temp_scalar,0.014160256859356136,0.06007072078213511,0.007911839672694064,53,0.05293308709178346,0.00530409536448222,51,0.022065560320104857,0.011244710049397564,53
soft_parent_ord,2024,C2_temp_per_label,0.012041558079880457,0.06007072078213511,0.007911839672694064,53,0.05293308709178346,0.00530409536448222,51,0.022065560320104857,0.011244710049397564,53
soft_parent_ord,2024,C3_per_label_affine,0.006763661808102069,0.06007072078213511,0.007911839672694064,53,0.05293308709178346,0.00530409536448222,51,0.022065560320104857,0.011244710049397564,53
soft_parent_ord,2024,C4_family_affine,0.009991173732119439,0.06007072078213511,0.007911839672694064,53,0.05293308709178346,0.00530409536448222,51,0.022065560320104857,0.011244710049397564,53
soft_parent_ord,2024,C5_isotonic,0.006722307778690523,0.01955451955451955,0.006882044392979163,68,0.0984896056324628,0.006766771514827392,64,0.029341211132171172,0.009616169444975595,64
ecgfm_linprobe,42,C0_raw,0.016659105659295192,0.07044165878736322,0.01016794995209295,53,0.07485815022496249,0.007278561492743635,51,0.029860838831881453,0.01220652342477977,53
ecgfm_linprobe,42,C1_temp_scalar,0.01342549978765684,0.07044165878736322,0.01016794995209295,53,0.07485815022496249,0.007278561492743635,51,0.029860838831881453,0.01220652342477977,53
ecgfm_linprobe,42,C2_temp_per_label,0.010956512845848981,0.07044165878736322,0.01016794995209295,53,0.07485815022496249,0.007278561492743635,51,0.029860838831881453,0.01220652342477977,53
ecgfm_linprobe,42,C3_per_label_affine,0.006899428452996442,0.07044165878736322,0.01016794995209295,53,0.07485815022496249,0.007278561492743635,51,0.029860838831881453,0.01220652342477977,53
ecgfm_linprobe,42,C4_family_affine,0.010965767762431775,0.07044165878736322,0.01016794995209295,53,0.07485815022496249,0.007278561492743635,51,0.029860838831881453,0.01220652342477977,53
ecgfm_linprobe,42,C5_isotonic,0.006069150378181844,0.11639354928048048,0.006158130203330739,63,0.078628844125284,0.005083819474761442,63,0.041015306919288515,0.015464560683556847,64
