method,seed,calibrator,val_ece,test_ece,test_auc,norm_ece,test_pids_hash
hard_bce,42,C0_raw,0.01165980638009059,0.012290856253416393,0.9185120761554706,0.07547579447177218,-2045183338001182582
hard_bce,42,C1_single_T,0.012050420197169351,0.011954917988699033,0.9185120761554706,0.06205067225224364,-2045183338001182582
hard_bce,42,C2_per_label_T,0.00928358854683021,0.010314115657649168,0.9185120761554706,0.05188173576421994,-2045183338001182582
hard_bce,42,C3_per_label_affine,0.005243147146339292,0.005763539444980375,0.9185120761554706,0.017193207982788526,-2045183338001182582
hard_bce,42,C4_family_affine,0.009833865761555264,0.009643463030586972,0.9185120761554706,0.017193207982788526,-2045183338001182582
hard_bce,42,C5_isotonic,0.0023617439336307473,0.005667882738678935,0.8779990887796302,0.020147896918584283,-2045183338001182582
hard_bce,123,C0_raw,0.010921441593771328,0.011579586174873906,0.9167232663422282,0.05703730893588611,-2045183338001182582
hard_bce,123,C1_single_T,0.010669146851683981,0.011142339185981499,0.9167232663422282,0.04444354878424822,-2045183338001182582
hard_bce,123,C2_per_label_T,0.008560302384511984,0.009144430062046361,0.9167232663422282,0.03420768879256334,-2045183338001182582
hard_bce,123,C3_per_label_affine,0.004546932097753398,0.0054997254649990935,0.9167232663422282,0.020067576089773352,-2045183338001182582
hard_bce,123,C4_family_affine,0.007657056166360268,0.00792188375202167,0.9167232663422282,0.020067576089773352,-2045183338001182582
hard_bce,123,C5_isotonic,0.0020934590606049405,0.005689039782688075,0.8785787293786126,0.020906711540424734,-2045183338001182582
hard_bce,2024,C0_raw,0.009510254392009056,0.00925771507316943,0.9146567142300843,0.045426765713757596,-2045183338001182582
hard_bce,2024,C1_single_T,0.009775168587301628,0.009350315604368093,0.9146567142300843,0.041563923537158806,-2045183338001182582
hard_bce,2024,C2_per_label_T,0.007834051222561311,0.007885184242872507,0.9146567142300843,0.03635584776846792,-2045183338001182582
hard_bce,2024,C3_per_label_affine,0.004963646839403183,0.0059777434431555225,0.9146567142300843,0.026325524713223032,-2045183338001182582
hard_bce,2024,C4_family_affine,0.007938377310991668,0.008269010392284566,0.9146567142300843,0.026325524713223032,-2045183338001182582
hard_bce,2024,C5_isotonic,0.002289921521679588,0.005892231191043003,0.8767176450148245,0.02662307665864679,-2045183338001182582
asl,42,C0_raw,0.13584109458938792,0.13798338803686805,0.9171953491962506,0.12440422517472066,-2045183338001182582
asl,42,C1_single_T,0.02647302324446345,0.027282787306123185,0.9171953491962506,0.03396178990611245,-2045183338001182582
asl,42,C2_per_label_T,0.014412671706755847,0.015478319275126998,0.9171953491962506,0.029062640012022193,-2045183338001182582
asl,42,C3_per_label_affine,0.009452948908344116,0.009842796398039132,0.9171953491962506,0.029104077579516406,-2045183338001182582
asl,42,C4_family_affine,0.013709235146472886,0.013664313242076833,0.9171953491962506,0.029104077579516406,-2045183338001182582
asl,42,C5_isotonic,0.002167773381593331,0.005686404163425692,0.8754612227696791,0.018080522617640003,-2045183338001182582
asl,123,C0_raw,0.13290581177462502,0.13586834154174107,0.9194373103939456,0.15363126670902727,-2045183338001182582
asl,123,C1_single_T,0.02538772088171549,0.02630919907714969,0.9194373334850332,0.09748675339021386,-2045183338001182582
asl,123,C2_per_label_T,0.015114485087760875,0.01564947246957319,0.9194372849007406,0.09399988610260684,-2045183338001182582
asl,123,C3_per_label_affine,0.009135880343047654,0.00949773410573396,0.9194373334850332,0.020204245220952863,-2045183338001182582
asl,123,C4_family_affine,0.012603884497118106,0.013413225870787719,0.9194373334850332,0.020204245220952863,-2045183338001182582
asl,123,C5_isotonic,0.002471370936589071,0.005934402724288205,0.8876754069534024,0.015721355758105713,-2045183338001182582
asl,2024,C0_raw,0.12647494936329753,0.12806886595970993,0.9184421150452844,0.15995904263803856,-2045183338001182582
asl,2024,C1_single_T,0.023256472895350495,0.02332580801028786,0.9184421150452844,0.0262164449550346,-2045183338001182582
asl,2024,C2_per_label_T,0.014096418608724298,0.014607945496863907,0.9184421150452844,0.02088224532919704,-2045183338001182582
asl,2024,C3_per_label_affine,0.008495297944551266,0.00903329560433394,0.9184421150452844,0.02589583674971378,-2045183338001182582
asl,2024,C4_family_affine,0.0110945036161684,0.011722366303995937,0.9184421150452844,0.02589583674971378,-2045183338001182582
asl,2024,C5_isotonic,0.0020873955737130833,0.0057807581220327905,0.8762570106693335,0.01904181165076635,-2045183338001182582
focal,42,C0_raw,0.06363525466690809,0.06376888493617675,0.930033250920037,0.10377252259138324,-2045183338001182582
focal,42,C1_single_T,0.014862568705877894,0.015008093893446902,0.930033250920037,0.03471910817362013,-2045183338001182582
focal,42,C2_per_label_T,0.010320336324508171,0.010764029632761175,0.930033250920037,0.03447468521290377,-2045183338001182582
focal,42,C3_per_label_affine,0.004749193087133233,0.006015837408343875,0.930033250920037,0.023279509261259816,-2045183338001182582
focal,42,C4_family_affine,0.0074067211901068745,0.007810482506032554,0.930033250920037,0.023279509261259816,-2045183338001182582
focal,42,C5_isotonic,0.002312848418565339,0.005547822266325292,0.8797210774469788,0.019957689019691215,-2045183338001182582
focal,123,C0_raw,0.05716595837597673,0.057590869435915,0.9260165322748036,0.09388854608096067,-2045183338001182582
focal,123,C1_single_T,0.013354480205121973,0.01381660594873047,0.9260165322748036,0.042707870891030605,-2045183338001182582
focal,123,C2_per_label_T,0.00783221617852694,0.008883487410364642,0.9260165322748036,0.04239661132130372,-2045183338001182582
focal,123,C3_per_label_affine,0.0053021948073967195,0.00595211965368657,0.9260165322748036,0.01707260108966712,-2045183338001182582
focal,123,C4_family_affine,0.009364514705216551,0.009734810548907563,0.9260165322748036,0.01707260108966712,-2045183338001182582
focal,123,C5_isotonic,0.0022033430211083845,0.005364595113383794,0.8765911217262352,0.01659048170536024,-2045183338001182582
focal,2024,C0_raw,0.07556367692879655,0.07487605455550313,0.9294798186832415,0.1323161936298121,-2045183338001182582
focal,2024,C1_single_T,0.021999960920476774,0.02242939895213823,0.9294798186832415,0.09709510811841389,-2045183338001182582
focal,2024,C2_per_label_T,0.016250349812895325,0.017652651389189405,0.9294798186832415,0.0989009336880586,-2045183338001182582
focal,2024,C3_per_label_affine,0.006629683398865755,0.007275715328751905,0.9294798186832415,0.021874866658604063,-2045183338001182582
focal,2024,C4_family_affine,0.011766520318487619,0.012428177968098626,0.9294798186832415,0.021874866658604063,-2045183338001182582
focal,2024,C5_isotonic,0.002047910455949656,0.005811353876332791,0.8747315707589486,0.023345880284973215,-2045183338001182582
label_smooth,42,C0_raw,0.10194732175804622,0.10269449542293374,0.8848704595318817,0.07589791283465656,-2045183338001182582
label_smooth,42,C1_single_T,0.01680583642967585,0.016619904465284965,0.8848704595318817,0.052158059999064955,-2045183338001182582
label_smooth,42,C2_per_label_T,0.013013146427556887,0.012974445739234798,0.8848704595318817,0.030743378687826225,-2045183338001182582
label_smooth,42,C3_per_label_affine,0.013266653780678464,0.013374603332006983,0.8848704595318817,0.03297107182722793,-2045183338001182582
label_smooth,42,C4_family_affine,0.01628025680209013,0.016801573935712664,0.8848704595318817,0.03297107182722793,-2045183338001182582
label_smooth,42,C5_isotonic,0.0026523048536325603,0.005606079196712764,0.8641179437841725,0.02209529037069567,-2045183338001182582
label_smooth,123,C0_raw,0.0998286628626386,0.0997112582958505,0.8677086674860879,0.07812436191946459,-2045183338001182582
label_smooth,123,C1_single_T,0.016785158711035794,0.017050529990016276,0.8677086674860879,0.04757276809491722,-2045183338001182582
label_smooth,123,C2_per_label_T,0.012573556911849318,0.013359764638724765,0.8677086674860879,0.029766406280897877,-2045183338001182582
label_smooth,123,C3_per_label_affine,0.012985480680547501,0.014115459903529012,0.8677086674860879,0.028743689180011963,-2045183338001182582
label_smooth,123,C4_family_affine,0.01483232726560848,0.01584506197518015,0.8677086674860879,0.028743689180011963,-2045183338001182582
label_smooth,123,C5_isotonic,0.0030424668873966147,0.005595138335286367,0.8489302824442757,0.027256935169654224,-2045183338001182582
label_smooth,2024,C0_raw,0.1065633472401403,0.10679532682917317,0.8854547888189307,0.07494401178738819,-2045183338001182582
label_smooth,2024,C1_single_T,0.018573348787122197,0.018574609520139795,0.8854547888189307,0.06076898712372375,-2045183338001182582
label_smooth,2024,C2_per_label_T,0.01411339027250067,0.01512502623421832,0.8854547888189307,0.057563273711138514,-2045183338001182582
label_smooth,2024,C3_per_label_affine,0.012048447273235511,0.012637568862639791,0.8854547888189307,0.03504616163037141,-2045183338001182582
label_smooth,2024,C4_family_affine,0.014550859938894323,0.015276328389091551,0.8854547888189307,0.03504616163037141,-2045183338001182582
label_smooth,2024,C5_isotonic,0.002714712622546157,0.005685238705299304,0.8480015109057533,0.01670865416785259,-2045183338001182582
soft,42,C0_raw,0.011549889511923128,0.011105602094190979,0.9209222836882054,0.035865265434530676,-2045183338001182582
soft,42,C1_single_T,0.011140319386156885,0.011110051476336955,0.9209222836882054,0.03243987454105368,-2045183338001182582
soft,42,C2_per_label_T,0.00898694073263288,0.009121410482210808,0.9209222836882054,0.03045161438484822,-2045183338001182582
soft,42,C3_per_label_affine,0.005202916844299092,0.005665597224096086,0.9209222836882054,0.00987604568078453,-2045183338001182582
soft,42,C4_family_affine,0.009687225933838941,0.009443243218834657,0.9209223422536954,0.00987604568078453,-2045183338001182582
soft,42,C5_isotonic,0.0023466817766461686,0.0063352365229513725,0.8737375482283313,0.01772643142236606,-2045183338001182582
soft,123,C0_raw,0.010348776852653915,0.01124227118597687,0.9208892784219954,0.07176851490328306,-2045183338001182582
soft,123,C1_single_T,0.009927610203720577,0.01082800644566866,0.9208892784219954,0.06819392790232114,-2045183338001182582
soft,123,C2_per_label_T,0.008186839895188338,0.009565383332509189,0.9208892784219954,0.06636518695039448,-2045183338001182582
soft,123,C3_per_label_affine,0.004387485251813712,0.005758152266629881,0.9208892784219954,0.0259156109334189,-2045183338001182582
soft,123,C4_family_affine,0.008047612689362726,0.008428839598799589,0.9208892784219954,0.0259156109334189,-2045183338001182582
soft,123,C5_isotonic,0.0022833030226084615,0.005699211166280146,0.8936023007471068,0.02475603156044293,-2045183338001182582
soft,2024,C0_raw,0.013794214744394568,0.014236437408387849,0.9227824609285028,0.16963590501627038,-2045183338001182582
soft,2024,C1_single_T,0.01435201377101098,0.014839138811327299,0.9227824609285028,0.16748744392588563,-2045183338001182582
soft,2024,C2_per_label_T,0.012351560624823737,0.013220658357535066,0.9227824609285028,0.16118550677190854,-2045183338001182582
soft,2024,C3_per_label_affine,0.00499731051005049,0.006150816408523127,0.9227824609285028,0.01914943891423105,-2045183338001182582
soft,2024,C4_family_affine,0.008619227139631936,0.008855156069837248,0.9227824609285028,0.01914943891423105,-2045183338001182582
soft,2024,C5_isotonic,0.002338446513671,0.005821421459985522,0.8850804384155418,0.021194134555149857,-2045183338001182582
soft_parent,42,C0_raw,0.012673438901741002,0.01319419626260916,0.9057040022040204,0.07889152858192018,-2045183338001182582
soft_parent,42,C1_single_T,0.012980281045757994,0.01320838591615965,0.9057039939606163,0.06803785846570475,-2045183338001182582
soft_parent,42,C2_per_label_T,0.009279200586313683,0.010156336321370836,0.9057039939606163,0.05734665830416859,-2045183338001182582
soft_parent,42,C3_per_label_affine,0.005300988010892296,0.006280906069232134,0.9057039939606163,0.01899682514099561,-2045183338001182582
soft_parent,42,C4_family_affine,0.010907039228829147,0.011051508798123106,0.9057039939606163,0.01899682514099561,-2045183338001182582
soft_parent,42,C5_isotonic,0.002758054604311335,0.006114839627535898,0.8742578380929532,0.018249363128918495,-2045183338001182582
soft_parent,123,C0_raw,0.010947923559277442,0.010804026790636898,0.8916935954080762,0.08781168189399731,-2045183338001182582
soft_parent,123,C1_single_T,0.011053008298733128,0.011125635143206164,0.8916935954080762,0.08850113837210095,-2045183338001182582
soft_parent,123,C2_per_label_T,0.009598888348615576,0.009754172298460517,0.8916935954080762,0.08966951691838304,-2045183338001182582
soft_parent,123,C3_per_label_affine,0.005511834909456022,0.006190944170841291,0.8916935954080762,0.015901638252255695,-2045183338001182582
soft_parent,123,C4_family_affine,0.008440735519306134,0.008589731792271972,0.8916935954080762,0.015901638252255695,-2045183338001182582
soft_parent,123,C5_isotonic,0.00277737088830248,0.00674440348191502,0.8609192651662252,0.02362192037589068,-2045183338001182582
soft_parent,2024,C0_raw,0.011890585381169877,0.012741370013069091,0.9087933318293127,0.05527270714335767,-2045183338001182582
soft_parent,2024,C1_single_T,0.012167389777487223,0.013018809564733303,0.9087933318293127,0.056435280270377315,-2045183338001182582
soft_parent,2024,C2_per_label_T,0.009859999315804445,0.011149373644475208,0.9087933318293127,0.05814171543464679,-2045183338001182582
soft_parent,2024,C3_per_label_affine,0.00513146441669946,0.006096445785223412,0.9087933318293127,0.013352506384224905,-2045183338001182582
soft_parent,2024,C4_family_affine,0.008464799822783354,0.00858313253855011,0.9087933318293127,0.013352506384224905,-2045183338001182582
soft_parent,2024,C5_isotonic,0.003142029090549419,0.006242539889749404,0.8793506263383075,0.01687028477759906,-2045183338001182582
soft_parent_ord,42,C0_raw,0.013678090964901624,0.014376302758972328,0.8576237135660583,0.11100002437550531,-2045183338001182582
soft_parent_ord,42,C1_single_T,0.014023851160459965,0.01467435745043332,0.8576237135660583,0.11115074765815249,-2045183338001182582
soft_parent_ord,42,C2_per_label_T,0.011178049858669067,0.01203332859289365,0.8576237135660583,0.11164078643819253,-2045183338001182582
soft_parent_ord,42,C3_per_label_affine,0.006044830129188633,0.00716537944755501,0.8576237135660583,0.02974085533975421,-2045183338001182582
soft_parent_ord,42,C4_family_affine,0.00886800498434717,0.00967145810382068,0.8576237135660583,0.02974085533975421,-2045183338001182582
soft_parent_ord,42,C5_isotonic,0.0034107678312465055,0.007320136505219262,0.8116804019521153,0.022779095404822935,-2045183338001182582
soft_parent_ord,123,C0_raw,0.012338513473113183,0.0123671729506597,0.8800259178748261,0.04399403831266152,-2045183338001182582
soft_parent_ord,123,C1_single_T,0.012281514274566814,0.012309402687955022,0.8800259178748261,0.04390828402884992,-2045183338001182582
soft_parent_ord,123,C2_per_label_T,0.009414446864568524,0.009689089821556496,0.8800259178748261,0.04858689912230773,-2045183338001182582
soft_parent_ord,123,C3_per_label_affine,0.005900377351145495,0.006663551668188908,0.8800259178748261,0.01978534760012648,-2045183338001182582
soft_parent_ord,123,C4_family_affine,0.009898044251985753,0.010558453821544937,0.8800259178748261,0.01978534760012648,-2045183338001182582
soft_parent_ord,123,C5_isotonic,0.0031048137237208494,0.006229772819060342,0.8426727643642827,0.019894140223812334,-2045183338001182582
soft_parent_ord,2024,C0_raw,0.0147808403712271,0.015510953848461401,0.8602183317956595,0.1527231582004462,-2045183338001182582
soft_parent_ord,2024,C1_single_T,0.014178613150679295,0.014693404870004995,0.8602183317956595,0.1539388706370378,-2045183338001182582
soft_parent_ord,2024,C2_per_label_T,0.011554777532336798,0.01224156638909944,0.8602183317956595,0.14693728420654134,-2045183338001182582
soft_parent_ord,2024,C3_per_label_affine,0.006091544456968822,0.007137170489745023,0.8602183317956595,0.02149027336793728,-2045183338001182582
soft_parent_ord,2024,C4_family_affine,0.010446023947121399,0.010607316223987629,0.8602183317956595,0.02149027336793728,-2045183338001182582
soft_parent_ord,2024,C5_isotonic,0.0032293994867072648,0.006493865420084706,0.8237197926530069,0.02167811362688057,-2045183338001182582
scp_soft_full,42,C0_raw,0.012956705935003403,0.013624107896525522,0.8572549459450483,0.11081885124262379,-2045183338001182582
scp_soft_full,42,C1_single_T,0.013346415535317246,0.01397096518395112,0.8572549459450483,0.11098527707634058,-2045183338001182582
scp_soft_full,42,C2_per_label_T,0.010445565848379985,0.011247995390307478,0.8572549459450483,0.11145881977582635,-2045183338001182582
scp_soft_full,42,C3_per_label_affine,0.0056338300744538964,0.006940603216378836,0.8572549459450483,0.02445496486324787,-2045183338001182582
scp_soft_full,42,C4_family_affine,0.008343266366941817,0.009056954439007576,0.8572549459450483,0.02445496486324787,-2045183338001182582
scp_soft_full,42,C5_isotonic,0.0035219152407750336,0.007096675521069379,0.8147920363845607,0.015518268970607376,-2045183338001182582
scp_soft_full,123,C0_raw,0.011916198557513899,0.012036130521888311,0.8802502223877685,0.044965810466884755,-2045183338001182582
scp_soft_full,123,C1_single_T,0.011877929602989095,0.012007115461497336,0.8802502223877685,0.04496772612327995,-2045183338001182582
scp_soft_full,123,C2_per_label_T,0.009402070899699615,0.009517493629751338,0.8802502223877685,0.0474875224941658,-2045183338001182582
scp_soft_full,123,C3_per_label_affine,0.0059751188673956,0.006594831226372269,0.8802502223877685,0.020841614326542225,-2045183338001182582
scp_soft_full,123,C4_family_affine,0.009885546317391792,0.010277096663141838,0.8802502223877685,0.020841614326542225,-2045183338001182582
scp_soft_full,123,C5_isotonic,0.0030973160221445984,0.006474086284105932,0.8428321607789072,0.019853124452849768,-2045183338001182582
scp_soft_full,2024,C0_raw,0.015170821523697342,0.016007135462886745,0.8590055969616642,0.1597433993664588,-2045183338001182582
scp_soft_full,2024,C1_single_T,0.014483173735084722,0.015200671303580963,0.8590055969616642,0.1610519019925482,-2045183338001182582
scp_soft_full,2024,C2_per_label_T,0.011683959322940543,0.012538514963659451,0.8590055969616642,0.15301520895486764,-2045183338001182582
scp_soft_full,2024,C3_per_label_affine,0.006124535286093886,0.007019468287410159,0.8590055969616642,0.02124593971293705,-2045183338001182582
scp_soft_full,2024,C4_family_affine,0.010499572762388254,0.01085173573003686,0.8590055969616642,0.02124593971293705,-2045183338001182582
scp_soft_full,2024,C5_isotonic,0.0028177845928477967,0.006181375198295752,0.8223628047686573,0.014236305569136715,-2045183338001182582
