method,seed,calibrator,macro_ece,fam_ece_max,fam_ece_mean,fam_ece_worst_non_norm,fam_ece_NORM,fam_ece_MI,fam_ece_STTC,fam_ece_CD,fam_ece_HYP
hard_bce,42,C5_isotonic,0.0060568594450135065,0.019044992286420422,0.00861463764999179,0.00723805093750444,0.019044992286420422,0.006076352883260558,0.004971147998676817,0.0057426441440967145,0.00723805093750444
hard_bce,123,C5_isotonic,0.005794378183073757,0.027389021350530143,0.009816318218232452,0.005853990296404345,0.027389021350530143,0.005853990296404345,0.0049551555920071,0.005137682118926738,0.0057457417332939294
hard_bce,2024,C5_isotonic,0.005533778470849679,0.027908107153466467,0.009947182520367071,0.007199821354692172,0.027908107153466467,0.005705575050679489,0.004326206639294579,0.00459620240370265,0.007199821354692172
asl,42,C5_isotonic,0.006252003806206328,0.025244989587473714,0.010162684690137173,0.009236364930853808,0.025244989587473714,0.006840598393278999,0.004626915577746444,0.004864554961332903,0.009236364930853808
asl,123,C5_isotonic,0.006187967537475452,0.0234988606869632,0.009449494806039599,0.0064012296029780065,0.0234988606869632,0.0064012296029780065,0.005965097008969766,0.005428924812660236,0.005953361918626787
asl,2024,C5_isotonic,0.006722822938714274,0.023662464780049953,0.010090076993800063,0.008463929043335169,0.023662464780049953,0.007110720679627946,0.005355340389073429,0.005857930076913811,0.008463929043335169
focal,42,C5_isotonic,0.00647070387301255,0.030221595486297225,0.0112022439039943,0.00801760977083177,0.030221595486297225,0.007199059149171092,0.0047950370851377695,0.00577791802853365,0.00801760977083177
focal,123,C5_isotonic,0.006577942167175742,0.03844893474752139,0.012419186791395528,0.006790636865122681,0.03844893474752139,0.006790636865122681,0.005776364230302012,0.00442612083864841,0.006653877275383141
focal,2024,C5_isotonic,0.006018674747093143,0.016278534204791466,0.008105547110421026,0.006769664647538619,0.016278534204791466,0.0066832679836776165,0.006003813314640901,0.00479245540145652,0.006769664647538619
label_smooth,42,C5_isotonic,0.006617948221829012,0.02828023991919546,0.010990257377296288,0.00895892216967025,0.02828023991919546,0.006770188432923303,0.006033956547857472,0.0049079798168349485,0.00895892216967025
label_smooth,123,C5_isotonic,0.006271056858394358,0.015516338177581213,0.008234919266389248,0.007924636826304614,0.015516338177581213,0.007924636826304614,0.0058608858689314204,0.004678953011228559,0.007193782447900426
label_smooth,2024,C5_isotonic,0.006465586737731096,0.019795770168044274,0.009370845172748398,0.008926407580810081,0.019795770168044274,0.006672769692104657,0.00625985824192242,0.0051994201808605684,0.008926407580810081
chmc_coh,42,C5_isotonic,0.005878806452366341,0.019185305614993868,0.00824796378539092,0.005872960040116534,0.019185305614993868,0.005872960040116534,0.005354370727281785,0.005530561316631272,0.005296621227931142
chmc_coh,123,C5_isotonic,0.0061611374877050635,0.030751572649847982,0.011043438916066236,0.008793459129573784,0.030751572649847982,0.005355336236622958,0.005240295546326928,0.005076531017959524,0.008793459129573784
chmc_coh,2024,C5_isotonic,0.005646735797784523,0.024971556214551504,0.009479438080798687,0.007018596223254324,0.024971556214551504,0.005931767885860898,0.004640321640371695,0.004834948439955009,0.007018596223254324
scp_soft_full,42,C5_isotonic,0.007246495858864574,0.028112174940547213,0.011629662878372837,0.010058105384668902,0.028112174940547213,0.008163421539020815,0.006154931421597661,0.005659681106029586,0.010058105384668902
scp_soft_full,123,C5_isotonic,0.006768932440470501,0.018964770091765355,0.009103085968729647,0.007089841100090145,0.018964770091765355,0.006697249855283239,0.005994132803712876,0.006769435992796627,0.007089841100090145
scp_soft_full,2024,C5_isotonic,0.007117723293175457,0.02626313212996279,0.011262422774881592,0.010676174066815475,0.02626313212996279,0.008205744943107739,0.0043411083604751,0.006825954374046858,0.010676174066815475
soft,42,C5_isotonic,0.0064321686907050845,0.023920112195423882,0.010182673744174042,0.010093015638437536,0.023920112195423882,0.006167262076122829,0.005554992677631713,0.00517798613325425,0.010093015638437536
soft,123,C5_isotonic,0.005566482456843711,0.019150194777870666,0.00813726836833946,0.005950277044835096,0.019150194777870666,0.005808443025640216,0.0047342712629979454,0.005043155730353372,0.005950277044835096
soft,2024,C5_isotonic,0.006466339309891438,0.02276757796754664,0.009786773115938967,0.008384368860992109,0.02276757796754664,0.007583884012002844,0.005573670034219429,0.004624364704933808,0.008384368860992109
soft_parent_ord,42,C5_isotonic,0.006256014639771208,0.02441326967733755,0.009712323996233197,0.007392320842991106,0.02441326967733755,0.007392320842991106,0.005429212489768195,0.004010992670288929,0.007315824300780208
soft_parent_ord,123,C5_isotonic,0.007420017401049586,0.02357456552413875,0.010851840891960226,0.009524399467490343,0.02357456552413875,0.009324333492274477,0.0059548534550320775,0.005881052520865484,0.009524399467490343
soft_parent_ord,2024,C5_isotonic,0.00672230786035697,0.015464886361978826,0.008732832214838844,0.008490662482494887,0.015464886361978826,0.008372266628424635,0.005434953078398269,0.005901392522897602,0.008490662482494887
ecgfm_linprobe,42,C5_isotonic,0.00606915044307763,0.01774453498114637,0.008528882233901627,0.008196515701994712,0.01774453498114637,0.008196515701994712,0.004966411495703708,0.004474591217639127,0.007262357773024228
