check,param,norm_x1e3,macro_x1e3,ratio
binning,10,19.895310539918974,4.695347071349633,4.216889456411366
binning,12,21.41817278274921,5.216473354158836,4.095651536761715
binning,15,24.78070693013901,5.7950053663123136,4.304807444892319
binning,18,26.039836414116042,6.445036031018009,4.051280743060952
binning,20,27.64999412516157,6.5660296122496415,4.215548336466864
ks,binfree,11.27394740061576,3.267664309386847,3.4501547078228585
boot_se,42,24.626053740308144,5.011118464863501,4.914282891729429
boot_se,123,32.791675925235324,5.9885900308702995,5.4756922340983545
boot_se,2024,27.12806613988834,5.794585712400251,4.68162306786403
