stmt,0.0,10.0,14.0,15.0,30.0,34.0,35.0,50.0,80.0,100.0
1AVB,0,1,0,2,0,0,0,11,0,779
2AVB,0,0,0,0,0,0,0,0,0,14
3AVB,0,0,0,0,0,0,0,1,0,15
ABQRS,3327,0,0,0,0,0,0,0,0,0
AFIB,1466,0,0,0,0,0,0,0,0,48
AFLT,17,0,0,0,0,0,0,0,0,56
ALMI,0,0,0,36,0,0,6,41,5,200
AMI,0,0,0,131,0,0,9,90,7,116
ANEUR,0,0,0,0,0,0,2,89,0,13
ASMI,0,0,0,315,0,0,35,418,67,1522
BIGU,58,0,0,0,0,0,0,0,0,24
CLBBB,0,0,0,0,0,0,0,0,1,535
CRBBB,0,0,0,0,1,0,0,3,1,536
DIG,4,0,0,0,0,0,2,41,19,115
EL,0,0,0,0,0,0,0,82,2,12
HVOLT,62,0,0,0,0,0,0,0,0,0
ILBBB,0,0,0,1,0,0,0,2,0,74
ILMI,0,0,0,54,0,0,8,74,11,331
IMI,0,0,0,868,0,0,94,551,141,1022
INJAL,0,0,0,1,0,0,1,10,0,133
INJAS,0,0,0,2,0,0,0,16,0,196
INJIL,0,0,0,0,0,0,0,0,0,15
INJIN,0,0,0,0,0,0,0,1,0,17
INJLA,0,0,0,1,0,0,0,2,0,14
INVT,294,0,0,0,0,0,0,0,0,0
IPLMI,0,0,0,5,0,0,0,15,0,31
IPMI,0,0,0,0,0,0,0,4,1,28
IRBBB,0,0,0,0,0,0,3,13,28,1074
ISCAL,0,0,0,3,0,0,2,126,5,523
ISCAN,0,0,0,0,0,0,0,5,0,39
ISCAS,0,0,0,0,0,0,1,15,3,150
ISCIL,0,0,0,1,0,0,0,54,1,123
ISCIN,0,0,0,4,0,0,1,43,10,160
ISCLA,0,0,0,0,0,0,1,19,2,118
ISC_,0,0,0,5,0,0,7,119,22,1119
IVCD,0,0,0,0,0,0,0,7,4,776
LAFB,0,0,0,1,0,0,0,18,24,1580
LAO/LAE,0,0,0,1,0,0,10,94,8,313
LMI,0,0,1,75,0,0,3,64,1,57
LNGQT,1,0,0,0,0,0,0,4,2,110
LOWT,438,0,0,0,0,0,0,0,0,0
LPFB,0,0,0,0,0,0,0,3,0,174
LPR,340,0,0,0,0,0,0,0,0,0
LVH,0,0,0,193,0,0,188,579,87,1085
LVOLT,182,0,0,0,0,0,0,0,0,0
NDT,0,0,0,1,0,0,0,4,0,1820
NORM,0,0,0,38,0,1,37,505,1761,7172
NST_,208,0,0,1,0,0,1,21,5,531
NT_,423,0,0,0,0,0,0,0,0,0
PAC,361,0,0,0,0,0,0,0,0,37
PACE,7,0,0,0,0,0,0,0,0,287
PMI,0,0,0,4,0,0,0,9,0,4
PRC(S),10,0,0,0,0,0,0,0,0,0
PSVT,0,0,0,0,0,0,0,0,0,24
PVC,116,0,0,0,0,0,0,0,0,1027
QWAVE,548,0,0,0,0,0,0,0,0,0
RAO/RAE,0,0,0,0,0,0,1,15,1,82
RVH,0,0,0,9,0,0,5,56,1,55
SARRH,772,0,0,0,0,0,0,0,0,0
SBRAD,637,0,0,0,0,0,0,0,0,0
SEHYP,0,0,0,0,0,0,0,11,1,17
SR,16748,0,0,0,0,0,0,0,0,0
STACH,822,0,0,0,0,0,0,2,1,1
STD_,1009,0,0,0,0,0,0,0,0,0
STE_,28,0,0,0,0,0,0,0,0,0
SVARR,157,0,0,0,0,0,0,0,0,0
SVTAC,27,0,0,0,0,0,0,0,0,0
TAB_,35,0,0,0,0,0,0,0,0,0
TRIGU,20,0,0,0,0,0,0,0,0,0
VCLVH,875,0,0,0,0,0,0,0,0,0
WPW,0,0,0,0,0,0,0,9,0,70
