mode,prevalence,norm_ece_x1e3,macro_ece_x1e3,ratio_mean,ratio_lo,ratio_hi,norm_npos_mean
matched,0.18,19.182480419932862,9.086429882503465,2.1002930655810017,1.1020147801137632,3.2794351462954516,271.0
matched,0.25,21.51429131514184,8.286258748891603,2.5837235923395587,1.4249276623995115,3.921916179178663,412.0
matched,0.30,23.388217469927472,7.76087304457153,2.9895321877156427,1.5354767096466855,4.5909847623516695,529.0
matched,0.35,23.927003926852198,7.144765806305324,3.339193827941646,2.0945041439033387,4.56937491562828,665.0
matched,full(0.438),24.78070693013901,5.7950053663123136,4.304807444892319,3.223490505002193,5.027408040696131,963.0
fixed_cal,0.18,115.83326458970802,11.842074203741877,9.793610941247577,8.8664923125189,10.739099831804683,271.0
fixed_cal,0.25,86.3232055219565,10.029549646323034,8.616799697185957,7.600322981130095,9.531577433422358,412.0
fixed_cal,0.30,65.63962949537425,8.834060195228904,7.434237693326609,6.3819278321205255,8.217207705219876,529.0
fixed_cal,0.35,45.55249875999962,7.674799242216641,5.938162615586857,4.761710507142266,6.800307642830342,665.0
fixed_cal,full(0.438),24.78070693013901,5.7950053663123136,4.304807444892319,3.223490505002193,5.027408040696131,963.0
