cell,val_pick,test_rank_of_pick,test_ece_pick_x1e3,test_ece_best_x1e3,gap_x1e3
ptbxl/hard_bce/s42,C5,2,6.056859445013506,5.998460535060478,0.05839890995302816
ptbxl/hard_bce/s123,C5,2,5.794378183073757,5.6387558154003905,0.1556223676733668
ptbxl/hard_bce/s2024,C5,1,5.533778470849679,5.533778470849679,0.0
ptbxl/asl/s42,C5,1,6.252003806206329,6.252003806206329,0.0
ptbxl/asl/s123,C5,1,6.187967537475452,6.187967537475452,0.0
ptbxl/asl/s2024,C5,1,6.722822938714273,6.722822938714273,0.0
ptbxl/focal/s42,C5,2,6.47070387301255,6.401763822514543,0.06894005049800679
ptbxl/focal/s123,C5,2,6.577942167175742,6.450527728707775,0.12741443846796696
ptbxl/focal/s2024,C5,1,6.018674747093144,6.018674747093144,0.0
ptbxl/label_smooth/s42,C5,1,6.617948221829012,6.617948221829012,0.0
ptbxl/label_smooth/s123,C5,1,6.271056858394358,6.271056858394358,0.0
ptbxl/label_smooth/s2024,C5,1,6.465586737731097,6.465586737731097,0.0
ptbxl/chmc_coh/s42,C5,1,5.878806452366341,5.878806452366341,0.0
ptbxl/chmc_coh/s123,C5,1,6.161137487705063,6.161137487705063,0.0
ptbxl/chmc_coh/s2024,C5,1,5.646735797784523,5.646735797784523,0.0
ptbxl/scp_soft_full/s42,C5,2,7.246495858864574,6.661352928720943,0.5851429301436308
ptbxl/scp_soft_full/s123,C5,2,6.768932440470501,6.411680633685366,0.3572518067851355
ptbxl/scp_soft_full/s2024,C5,2,7.117723293175457,6.660151355934624,0.45757193724083306
ptbxl/soft/s42,C5,2,6.432168690705084,6.161555839631182,0.27061285107390226
ptbxl/soft/s123,C5,2,5.566482456843711,5.386734546065237,0.17974791077847355
ptbxl/soft/s2024,C5,2,6.4663393098914375,6.160521684304062,0.3058176255873752
ptbxl/soft_parent_ord/s42,C5,1,6.256014639771208,6.256014639771208,0.0
ptbxl/soft_parent_ord/s123,C5,2,7.420017401049586,6.344421108262408,1.075596292787178
ptbxl/soft_parent_ord/s2024,C5,1,6.72230786035697,6.72230786035697,0.0
ptbxl/ecgfm/s42,C5,1,6.06915044307763,6.06915044307763,0.0
chapman/hard_bce/s42,C5,3,9.386759544981055,6.906678270081947,2.4800812748991072
