method,epsilon,hvr
asl,0.0,0.1991
asl,0.05,0.1688
asl,0.1,0.1359
chmc_coh,0.0,0.0
chmc_coh,0.05,0.0
chmc_coh,0.1,0.0
focal,0.0,0.2002
focal,0.05,0.1684
focal,0.1,0.1407
hard_bce,0.0,0.1739
hard_bce,0.05,0.1515
hard_bce,0.1,0.1306
hard_bce+dir,0.0,0.173
hard_bce+dir,0.05,0.1508
hard_bce+dir,0.1,0.1302
hard_bce+temp,0.0,0.1744
hard_bce+temp,0.05,0.1518
hard_bce+temp,0.1,0.1308
label_smooth,0.0,0.1981
label_smooth,0.05,0.1688
label_smooth,0.1,0.1396
scp_soft_full,0.0,0.1601
scp_soft_full,0.05,0.0016
scp_soft_full,0.1,0.0004
